id,name,lake,stream,capacity,url,elevation,basin,county,hydrologic_region,nearby_city,lat,lon,operator,maintenance
APN,Alpine,Alpine Lake,Lagunitas Creek,8892,https://cdec.water.ca.gov/dynamicapp/staMeta?station_id=APN,654ft,COAST-MARIN,MARIN,SAN FRANCISCO BAY,STINSON BEACH,37.940000°,-122.637000°,Marin Municipal Water District,.None Specified
ANT,Antelope,Antelope,Indian Creek,22566,https://cdec.water.ca.gov/dynamicapp/staMeta?station_id=ANT,4960ft,FEATHER RIVER,PLUMAS,SACRAMENTO RIVER,SUSANVILLE,40.180000°,-120.607000°,CA Dept of Water Resources/O&M Oroville Field Division,CA Dept of Water Resources/O&M Oroville Field Division
AST,Austrian,Lake Austrian,Los Gatos Creek,6200,https://cdec.water.ca.gov/dynamicapp/staMeta?station_id=AST,1125ft,LOS GATOS CR (NEAR SAN JOSE),SANTA CLARA,SAN FRANCISCO BAY,SAN JOSE,37.132000°,-121.930000°,San Jose Water Company,San Jose Water Company
BRT,Barrett,Barrett Lake,Cottonwood Creek,34805,https://cdec.water.ca.gov/dynamicapp/staMeta?station_id=BRT,1607ft,SAN DIEGO RIVER,SAN DIEGO,SOUTH COAST,CHULA VISTA,32.678000°,-116.669000°,San Diego County,.None Specified
BAR,Bear,Bear Reservoir,Bear Creek,7700,https://cdec.water.ca.gov/dynamicapp/staMeta?station_id=BAR,319ft,MERCED RIVER,MARIPOSA,SAN JOAQUIN RIVER,PLANADA,37.367000°,-120.217000°,US Army Corps of Engineers,.None Specified
BRV,Bear Valley,Big Bear Lake,Bear Creek,74000,https://cdec.water.ca.gov/dynamicapp/staMeta?station_id=BRV,6743ft,SANTA ANA RIVER,SAN BERNARDINO,SOUTH COAST,SAN BERNARDINO,34.242000°,-116.978000°,Big Bear Municipal Water District,Big Bear Municipal Water District
BRD,Beardsley,Beardsley Lake,M Fork Stanislaus River,97800,https://cdec.water.ca.gov/dynamicapp/staMeta?station_id=BRD,3398ft,STANISLAUS RIVER,TUOLUMNE,SAN JOAQUIN RIVER,STRAWBERRY,38.203000°,-120.075000°,Oakdale South San Joaquin Irrigation District,Oakdale South San Joaquin Irrigation District
BTH,Bethany Forebay,Bethany Forebay,Delta,5250,https://cdec.water.ca.gov/dynamicapp/staMeta?station_id=BTH,250ft,DELTA,ALAMEDA,SACRAMENTO RIVER,BYRON,37.785000°,-121.617000°,CA Dept of Water Resources,.None Specified
BLB,Black Butte,Black Butte Lake,Stony Creek,143700,https://cdec.water.ca.gov/dynamicapp/staMeta?station_id=BLB,426ft,STONY CREEK,TEHAMA,SACRAMENTO RIVER,ORLAND,39.808000°,-122.329000°,US Army Corps of Engineers,.None Specified
BOC,Boca,Boca Reservoir,Little Truckee River,40870,https://cdec.water.ca.gov/dynamicapp/staMeta?station_id=BOC,5521ft,TRUCKEE RIVER,NEVADA,NORTH LAHONTAN,TRUCKEE,39.388000°,-120.095000°,US Bureau of Reclamation,US Bureau of Reclamation
BMP,Bon Tempe,Bon Tempe Reservoir,Lagunitas Creek,4300,https://cdec.water.ca.gov/dynamicapp/staMeta?station_id=BMP,723ft,COAST-MARIN,MARIN,SAN FRANCISCO BAY,SAN RAFAEL,37.957000°,-122.610000°,Marin Municipal Water District,.None Specified
BQC,Bouquet Canyon,Bouquet Reservoir,Bouquet Creek,36505,https://cdec.water.ca.gov/dynamicapp/staMeta?station_id=BQC,3008ft,U SANTA CLARA RIVER,LOS ANGELES,SOUTH COAST,LANCASTER,34.586714°,-118.395314°,Los Angeles County,.None Specified
BWN,Bowman,Bowman Lake,Canyon Creek,68510,https://cdec.water.ca.gov/dynamicapp/staMeta?station_id=BWN,5566ft,YUBA RIVER,NEVADA,SACRAMENTO RIVER,GRANITEVILLE,39.450000°,-120.652000°,Nevada County,Nevada County
BWS,Bowman Spaulding Diversion,Lake Spaulding System,Yuba River,144591,https://cdec.water.ca.gov/dynamicapp/staMeta?station_id=BWS,5390ft,YUBA RIVER,NEVADA,SACRAMENTO RIVER,TRUCKEE,39.441000°,-120.658000°,Pacific Gas & Electric,Pacific Gas & Electric
BDP,Bridgeport,Bridgeport Reservoir,E Fork Walker River,44100,https://cdec.water.ca.gov/dynamicapp/staMeta?station_id=BDP,6466ft,WALKER RIVER,MONO,NORTH LAHONTAN,BRIDGEPORT,38.325000°,-119.211000°,Walker River Irrigation District,Walker River Irrigation District
BIO,Briones,Briones Lake,Bear Creek,67520,https://cdec.water.ca.gov/dynamicapp/staMeta?station_id=BIO,588ft,EAST BAY,CONTRA COSTA,SAN FRANCISCO BAY,PLEASANT HILL,37.915100°,-122.207000°,East Bay Municipal Utility District,East Bay Municipal Utility District
BHC,Brush Creek,Brush Creek Reservoir,Brush Creek,1530,https://cdec.water.ca.gov/dynamicapp/staMeta?station_id=BHC,2923ft,AMERICAN RIVER,EL DORADO,SACRAMENTO RIVER,OROVILLE,38.805000°,-120.620000°,Sacramento Municipal Utility District,Sacramento Municipal Utility District
BUC,Buchanan,Eastman Lake,Chowchilla River,150000,https://cdec.water.ca.gov/dynamicapp/staMeta?station_id=BUC,450ft,CHOWCHILLA RIVER,MADERA,SAN JOAQUIN RIVER,RAYMOND,37.213000°,-119.970000°,US Army Corps of Engineers,.None Specified
BIL,Buck Island,Buck Island Lake,Little Rubicon Creek,1070,https://cdec.water.ca.gov/dynamicapp/staMeta?station_id=BIL,6400ft,AMERICAN RIVER,EL DORADO,SACRAMENTO RIVER,SOUTH LAKE TAHOE,39.001000°,-120.250000°,Sacramento Municipal Utility District,Sacramento Municipal Utility District
BCL,Bucks,Bucks Lake,Bucks Creek,103000,https://cdec.water.ca.gov/dynamicapp/staMeta?station_id=BCL,5168ft,FEATHER RIVER,PLUMAS,SACRAMENTO RIVER,QUINCY,39.897000°,-121.202000°,Pacific Gas & Electric,.None Specified
BTV,Butt Valley,Butt Valley Reservoir,Butt Creek,49930,https://cdec.water.ca.gov/dynamicapp/staMeta?station_id=BTV,4144ft,FEATHER RIVER,PLUMAS,SACRAMENTO RIVER,SENECA,40.148020°,-121.174174°,Pacific Gas & Electric,.None Specified
CCH,Cachuma,Cachuma Lake,Santa Ynez,193305,https://cdec.water.ca.gov/dynamicapp/staMeta?station_id=CCH,781ft,SANTA YNEZ RIVER,SANTA BARBARA,CENTRAL COAST,SANTA YNEZ,34.583000°,-119.980000°,US Bureau of Reclamation,US Bureau of Reclamation
CVE,Calaveras,Calaveras Reservoir,Calaveras Creek,100000,https://cdec.water.ca.gov/dynamicapp/staMeta?station_id=CVE,775ft,ALAMEDA CREEK,ALAMEDA,SAN FRANCISCO BAY,MILPITAS,37.492000°,-121.818000°,San Francisco PUC,San Francisco PUC
CRO,Calero,Calero Reservoir,Calero Creek,9738,https://cdec.water.ca.gov/dynamicapp/staMeta?station_id=CRO,196ft,GUADALUPE RIVER,SANTA CLARA,SAN FRANCISCO BAY,SAN JOSE,37.183000°,-121.792000°,Santa Clara Valley Water District,Santa Clara Valley Water District
CMN,Camanche,Camanche Reservoir,Mokelumne River,417120,https://cdec.water.ca.gov/dynamicapp/staMeta?station_id=CMN,236ft,MOKELUMNE RIVER,SAN JOAQUIN,SAN JOAQUIN RIVER,CLEMENTS,38.225000°,-121.021000°,East Bay Municipal Utility District,East Bay Municipal Utility District
CMI,Camino,Camino Reservoir,Silver Creek,275,https://cdec.water.ca.gov/dynamicapp/staMeta?station_id=CMI,3000ft,AMERICAN RIVER,EL DORADO,SACRAMENTO RIVER,POLLACK PINES,38.833000°,-120.533000°,Sacramento Municipal Utility District,Sacramento Municipal Utility District
CFW,Camp Far West,Camp Far West,Bear River,104500,https://cdec.water.ca.gov/dynamicapp/staMeta?station_id=CFW,260ft,BEAR RIVER,YUBA,SACRAMENTO RIVER,MARYSVILLE,39.049858°,-121.315941°,CA Dept of Water Resources/North Central Region Office,CA Dept of Water Resources/North Central Region Office
ALM,Canyon,Lake Almanor,N Fork Feather River,1308000,https://cdec.water.ca.gov/dynamicapp/staMeta?station_id=ALM,4600ft,FEATHER RIVER,PLUMAS,SACRAMENTO RIVER,CHESTER,40.218000°,-121.173000°,Pacific Gas & Electric,Pacific Gas & Electric
CPL,Caples,Caples Lake,Silver Fork American River,22340,https://cdec.water.ca.gov/dynamicapp/staMeta?station_id=CPL,7800ft,AMERICAN RIVER,ALPINE,SACRAMENTO RIVER,KIRKWOOD,38.707000°,-120.048000°,El Dorado Irrigation District,El Dorado Irrigation District
CSI,Casitas,Lake Casitas,Casitas Creek,238000,https://cdec.water.ca.gov/dynamicapp/staMeta?station_id=CSI,335ft,VENTURA RIVER,VENTURA,SOUTH COAST,CASITAS SPRINGS,34.373000°,-119.332000°,US Bureau of Reclamation,US Bureau of Reclamation
CAS,Castaic,Castaic Lake,Castaic Creek,325000,https://cdec.water.ca.gov/dynamicapp/staMeta?station_id=CAS,1535ft,SANTA CLARA RIVER,LOS ANGELES,SOUTH COAST,CASTAIC,34.515200°,-118.610100°,CA Dept of Water Resources/O&M Southern Field Division,CA Dept of Water Resources/O&M Southern Field Division
SLW,Cedar Springs,Lake Silverwood,Mojave River,78000,https://cdec.water.ca.gov/dynamicapp/staMeta?station_id=SLW,3331ft,MOJAVE RIVER,SAN BERNARDINO,SOUTH LAHONTAN,SAN BERNARDINO,34.304000°,-117.318000°,CA Dept of Water Resources/Operations and Maintenance,CA Dept of Water Resources/Operations and Maintenance
CHB,Chabot,Lake Chabot,San Leandro Creek,10281,https://cdec.water.ca.gov/dynamicapp/staMeta?station_id=CHB,250ft,ALAMEDA CREEK,ALAMEDA,SAN FRANCISCO BAY,SAN  LEANDRO,37.730000°,-122.122000°,East Bay Municipal Utility District,.None Specified
CHV,Cherry Valley,Cherry Lake,Cherry Creek,273500,https://cdec.water.ca.gov/dynamicapp/staMeta?station_id=CHV,4765ft,TUOLUMNE RIVER,TUOLUMNE,SAN JOAQUIN RIVER,BUCK MEADOWS,37.967000°,-119.917000°,Hetch Hetchy Water and Power,.None Specified
JNN,Chet Harrit,Lake Jennings,Quail Canyon Creek,9790,https://cdec.water.ca.gov/dynamicapp/staMeta?station_id=JNN,707ft,SAN DIEGO RIVER,SAN DIEGO,SOUTH COAST,EL CAJON,32.854000°,-116.892000°,Helix Water District,Helix Water District
CLK,Clear Lake,Clear Lake,Lost Creek,526800,https://cdec.water.ca.gov/dynamicapp/staMeta?station_id=CLK,4552ft,KLAMATH RIVER,MODOC,NORTH COAST,TULELAKE,41.927000°,-121.075000°,US Bureau of Reclamation,.None Specified
CLA,Clear Lake Imp,Clear Lake,Cache Creek,313000,https://cdec.water.ca.gov/dynamicapp/staMeta?station_id=CLA,1336ft,CACHE CREEK,LAKE,SACRAMENTO RIVER,CLEAR LAKE,38.957000°,-122.642000°,Yolo County Flood Control and Water Consv Dist,Yolo County
CLC,Clifton Court Forebay,Clifton Court Forebay,Old River,29000,https://cdec.water.ca.gov/dynamicapp/staMeta?station_id=CLC,3ft,DELTA,CONTRA COSTA,SAN FRANCISCO BAY,BYRON,37.829800°,-121.557400°,CA Dept of Water Resources/Operations and Maintenance,CA Dept of Water Resources/Operations and Maintenance
CGS,Cogswell,Cogswell Reservoir,W Fork San Gabriel River,10438,https://cdec.water.ca.gov/dynamicapp/staMeta?station_id=CGS,2405ft,SAN GABRIEL RIVER,LOS ANGELES,SOUTH COAST,MONROVIA,34.245000°,-117.965000°,Los Angeles County,.None Specified
CMB,Combie,Lake Combie,Bear River,5555,https://cdec.water.ca.gov/dynamicapp/staMeta?station_id=CMB,1610ft,BEAR RIVER,NEVADA,SACRAMENTO RIVER,GRASS VALLEY,39.017000°,-121.050000°,Nevada County,.None Specified
HNN,Conn Creek,Lake Hennessey,Conn Creek,31000,https://cdec.water.ca.gov/dynamicapp/staMeta?station_id=HNN,331ft,NAPA RIVER,NAPA,SAN FRANCISCO BAY,RUTHERFORD,38.482000°,-122.372000°,Napa County,Napa County
CTG,Courtright,Helms Creek,Helms Creek,123300,https://cdec.water.ca.gov/dynamicapp/staMeta?station_id=CTG,8192ft,KINGS RIVER,FRESNO,TULARE LAKE,SHAVER LAKE,37.072000°,-118.967000°,PG&E and Kings River Water Association,.None Specified
CYC,Coyote,Coyote Reservoir,Coyote Creek,22541,https://cdec.water.ca.gov/dynamicapp/staMeta?station_id=CYC,755ft,SANTA CLARA VALLEY,SANTA CLARA,SAN FRANCISCO BAY,SAN MARTIN,37.118000°,-121.549000°,Santa Clara Valley Water District,Santa Clara Valley Water District
COY,Coyote Valley,Lake Mendocino,Russian River,122400,https://cdec.water.ca.gov/dynamicapp/staMeta?station_id=COY,720ft,RUSSIAN RIVER,MENDOCINO,NORTH COAST,UKIAH,39.197000°,-123.186000°,US Army Corps of Engineers,.None Specified
CNV,Crane Valley Storage,Crane Valley Lake,N Fork San Joaquin River,45410,https://cdec.water.ca.gov/dynamicapp/staMeta?station_id=CNV,3380ft,SAN JOAQUIN RIVER,MADERA,SAN JOAQUIN RIVER,OAKHURST,37.283000°,-119.517000°,Pacific Gas & Electric,.None Specified
CUY,Cuyamaca,Cuyamaca Lake,Boulder Creek,11740,https://cdec.water.ca.gov/dynamicapp/staMeta?station_id=CUY,4641ft,SAN DIEGO RIVER,SAN DIEGO,SOUTH COAST,SANTA YSABEL,32.990000°,-116.587000°,National Weather Service,.None Specified
MHV,Davis,Lake Mohave,Colorado River,1810000,https://cdec.water.ca.gov/dynamicapp/staMeta?station_id=MHV,644ft,COLORADO RIVER,State of Nevada,COLORADO RIVER,"LAUGHLIN, NV",35.197000°,-114.567000°,US Bureau of Reclamation,.None Specified
DLV,Del Valle,Lake Del Valle,Arroyo Valle,77100,https://cdec.water.ca.gov/dynamicapp/staMeta?station_id=DLV,703ft,ALAMEDA CREEK,ALAMEDA,SAN FRANCISCO BAY,LIVERMORE,37.614000°,-121.745000°,CA Dept of Water Resources/Operations and Maintenance,CA Dept of Water Resources/O&M San Joaquin Field Division
DMV,Diamond Valley,Diamond Valley Lake,Domenigoni Valley Creek,810000,https://cdec.water.ca.gov/dynamicapp/staMeta?station_id=DMV,1756ft,SANTA MARGARITA RIVER,RIVERSIDE,SOUTH COAST,WINCHESTER,33.670000°,-117.066000°,Metropolitan Water District,Metropolitan Water District
DNP,Don Pedro,New Don Pedro Reservoir,Tuolumne River,2030000,https://cdec.water.ca.gov/dynamicapp/staMeta?station_id=DNP,830ft,TUOLUMNE RIVER,TUOLUMNE,SAN JOAQUIN RIVER,LA GRANGE,37.702000°,-120.421000°,USGS/USACE,.None Specified
DON,Donnells,Donnells Reservoir,M Fork Stanislaus,64320,https://cdec.water.ca.gov/dynamicapp/staMeta?station_id=DON,4835ft,STANISLAUS RIVER,TUOLUMNE,SAN JOAQUIN RIVER,PINECREST,38.329000°,-119.960000°,US Bureau of Reclamation,.None Specified
DNN,Donner,Donner Lake,Truckee River,9700,https://cdec.water.ca.gov/dynamicapp/staMeta?station_id=DNN,5945ft,TRUCKEE RIVER,NEVADA,NORTH LAHONTAN,TRUCKEE,39.322777°,-120.264400°,US Geological Survey,.None Specified
DNL,Donner,Donner Lake,Truckee River,10300,https://cdec.water.ca.gov/dynamicapp/staMeta?station_id=DNL,5938ft,TRUCKEE RIVER,NEVADA,NORTH LAHONTAN,TRUCKEE,39.324000°,-120.233000°,Sierra County,.None Specified
DRE,Dwinnell,Lake Shastina,Shasta River,50000,https://cdec.water.ca.gov/dynamicapp/staMeta?station_id=DRE,2805ft,SHASTA RIVER,SISKIYOU,NORTH COAST,EDGEWOOD,41.540894°,-122.374550°,Montague Water Conservation District,Eyasco Inc.
EPK,East Park,East Park Reservoir,Stony Creek,51000,https://cdec.water.ca.gov/dynamicapp/staMeta?station_id=EPK,1205ft,STONY CREEK,COLUSA,SACRAMENTO RIVER,STONEYFORD,39.367000°,-122.517000°,US Bureau of Reclamation,.None Specified
ELC,El Capitan,El Capitan Reservoir,San Diego River,112807,https://cdec.water.ca.gov/dynamicapp/staMeta?station_id=ELC,600ft,SAN DIEGO RIVER,SAN DIEGO,SOUTH COAST,EL CAJON,32.882000°,-116.808000°,San Diego County,San Diego County
ENR,Eleanor,Lake Eleanor,Tuolumne River,28600,https://cdec.water.ca.gov/dynamicapp/staMeta?station_id=ENR,4660ft,TUOLUMNE RIVER,TUOLUMNE,SAN JOAQUIN RIVER,HETCH HETCHY,37.974000°,-119.880000°,Hetch Hetchy Water and Power,Hetch Hetchy Water and Power
EJC,Elmer J Chesbro,Chesbro Reservoir,Llagas Creek,7967,https://cdec.water.ca.gov/dynamicapp/staMeta?station_id=EJC,394ft,COYOTE WASH,SANTA CLARA,SAN FRANCISCO BAY,MORGAN HILL,37.117000°,-121.693500°,Santa Clara Valley Water District,Santa Clara Valley Water District
ENG,Englebright Narrows,Englebright Lake,Yuba River,70000,https://cdec.water.ca.gov/dynamicapp/staMeta?station_id=ENG,551ft,YUBA RIVER,NEVADA,SACRAMENTO RIVER,MARYSVILLE,39.239000°,-121.267000°,US Army Corps of Engineers,US Army Corps of Engineers
FRM,Farmington,Farmington Lake,Littlejohn Creek,52000,https://cdec.water.ca.gov/dynamicapp/staMeta?station_id=FRM,180ft,LITTLEJOHN CREEK,SAN JOAQUIN,SAN JOAQUIN RIVER,FARMINGTON,37.915000°,-120.935000°,US Army Corps of Engineers,.None Specified
FLR,Florence,Florence Lake,S Fork San Joaquin River,64406,https://cdec.water.ca.gov/dynamicapp/staMeta?station_id=FLR,7325ft,SAN JOAQUIN RIVER,FRESNO,SAN JOAQUIN RIVER,BIG CREEK,37.267000°,-118.967000°,"Southern California Edison Company, Big Creek",Southern California Edison Company
FOL,Folsom,Folsom Lake,American River,977000,https://cdec.water.ca.gov/dynamicapp/staMeta?station_id=FOL,466ft,AMERICAN RIVER,SACRAMENTO,SACRAMENTO RIVER,FOLSOM,38.683000°,-121.183000°,US Bureau of Reclamation,US Bureau of Reclamation
FRL,French Lake,French Lake,Canyon Creek,13940,https://cdec.water.ca.gov/dynamicapp/staMeta?station_id=FRL,6664ft,YUBA RIVER,NEVADA,SACRAMENTO RIVER,SIERRA CITY,39.440000°,-120.544000°,Nevada County,Nevada County
FMD,French Meadows,French Meadows Reservoir,M Fork American,136400,https://cdec.water.ca.gov/dynamicapp/staMeta?station_id=FMD,5263ft,AMERICAN RIVER,PLACER,SACRAMENTO RIVER,FORESTHILL,39.112000°,-120.468000°,Placer County Water Agency,Placer County Water Agency
FRD,Frenchman,Frenchman Lake,Little Last Chance Creek,55477,https://cdec.water.ca.gov/dynamicapp/staMeta?station_id=FRD,5517ft,FEATHER RIVER,PLUMAS,SACRAMENTO RIVER,BECKWOURTH,39.883000°,-120.183000°,CA Dept of Water Resources/O&M Oroville Field Division,CA Dept of Water Resources/O&M Oroville Field Division
MIL,Friant,Millerton Lake,San Joaquin River,520500,https://cdec.water.ca.gov/dynamicapp/staMeta?station_id=MIL,581ft,SAN JOAQUIN RIVER,FRESNO,SAN JOAQUIN RIVER,FRIANT,37.001000°,-119.705000°,US Bureau of Reclamation,US Bureau of Reclamation
GLK,Gem Lake,Gem Lake,Rush Creek,17228,https://cdec.water.ca.gov/dynamicapp/staMeta?station_id=GLK,9054ft,MONO LAKE,MONO,SOUTH LAHONTAN,JUNE LAKE,37.752000°,-119.140000°,"Southern California Edison Company, Big Creek",.None Specified
GBR,Gerber,Gerber Lake,Klamath River,94720,https://cdec.water.ca.gov/dynamicapp/staMeta?station_id=GBR,9999ft,KLAMATH RIVER,SISKIYOU,NORTH COAST,KLAMATH FALLS,42.205000°,-121.130000°,US Bureau of Reclamation,.None Specified
GLL,Gerle Lake,Gerle Lake,Gerle Creek,1200,https://cdec.water.ca.gov/dynamicapp/staMeta?station_id=GLL,5860ft,AMERICAN RIVER,EL DORADO,SACRAMENTO RIVER,SOUTH LAKE TAHOE,38.969167°,-120.393056°,Sacramento Municipal Utility District,Sacramento Municipal Utility District
GBL,Gibraltar,Gibraltar Lake,Santa Ynez River,9998,https://cdec.water.ca.gov/dynamicapp/staMeta?station_id=GBL,1399ft,SANTA YNEZ RIVER,SANTA BARBARA,CENTRAL COAST,SANTA BARBARA,34.526000°,-119.686000°,City of Santa Barbara,.None Specified
PWL,Glen Canyon,Lake Powell,Colorado River,24322000,https://cdec.water.ca.gov/dynamicapp/staMeta?station_id=PWL,3700ft,COLORADO RIVER,State of Arizona,COLORADO RIVER,"PAGE, AZ",36.937000°,-111.493000°,US Bureau of Reclamation,.None Specified
GDW,Goodwin,Goodwin Reservoir,Stanislaus River,500,https://cdec.water.ca.gov/dynamicapp/staMeta?station_id=GDW,359ft,STANISLAUS RIVER,CALAVERAS,SAN JOAQUIN RIVER,SONORA,37.862800°,-120.629700°,US Bureau of Reclamation,.None Specified
GNT,Grant Lake,Grant Lake,Rush Creek,47525,https://cdec.water.ca.gov/dynamicapp/staMeta?station_id=GNT,7140ft,MONO LAKE,MONO,SOUTH LAHONTAN,JUNE LAKE,37.862000°,-119.102000°,City of Los Angeles; Dept of Water and Power,.None Specified
DAV,Grizzly Valley,Lake Davis,Big Grizzly Creek,83000,https://cdec.water.ca.gov/dynamicapp/staMeta?station_id=DAV,5768ft,FEATHER RIVER,PLUMAS,SACRAMENTO RIVER,BECKWOURTH,39.883000°,-120.467000°,CA Dept of Water Resources/O&M Oroville Field Division,CA Dept of Water Resources/O&M Oroville Field Division
GDR,Guadalupe,Guadalupe Reservoir,Guadalupe Creek,3320,https://cdec.water.ca.gov/dynamicapp/staMeta?station_id=GDR,488ft,GUADALUPE RIVER,SANTA CLARA,SAN FRANCISCO BAY,ALAMITOS,37.199700°,-121.881400°,Santa Clara Valley Water District,Santa Clara Valley Water District
HWE,Haiwee,Haiwee Reservoir,Rose Valley,46600,https://cdec.water.ca.gov/dynamicapp/staMeta?station_id=HWE,3774ft,OWENS RIVER,INYO,SOUTH LAHONTAN,OLANCHA,36.137000°,-117.948000°,City of Los Angeles; Dept of Water and Power,.None Specified
HNS,Henshaw,Lake Henshaw,San Luis Rey River,50000,https://cdec.water.ca.gov/dynamicapp/staMeta?station_id=HNS,2740ft,SAN DIEGO RIVER,SAN DIEGO,SOUTH COAST,SANTA YSABEL,33.240000°,-116.762000°,Vista Irrigation District,.None Specified
HID,Hidden,Hensley Lake,Fresno River,90000,https://cdec.water.ca.gov/dynamicapp/staMeta?station_id=HID,561ft,FRESNO RIVER,MADERA,SAN JOAQUIN RIVER,RAYMOND,37.200000°,-119.917000°,US Army Corps of Engineers,.None Specified
MEA,Hoover,Lake Mead,Colorado River,26159008,https://cdec.water.ca.gov/dynamicapp/staMeta?station_id=MEA,3700ft,COLORADO RIVER,State of Arizona,COLORADO RIVER,"LAS VEGAS, NV",36.016000°,-114.736000°,US Bureau of Reclamation,.None Specified
HNT,Huntington,Huntington Lake,San Joaquin River,89800,https://cdec.water.ca.gov/dynamicapp/staMeta?station_id=HNT,7000ft,SAN JOAQUIN RIVER,FRESNO,SAN JOAQUIN RIVER,LAKESHORE,37.227570°,-119.220482°,US Bureau of Reclamation,CA Dept of Water Resources/DFM-Hydro-SMN
ICH,Ice House,Ice House Reservoir,S Fork Silver Creek,43496,https://cdec.water.ca.gov/dynamicapp/staMeta?station_id=ICH,5454ft,AMERICAN RIVER,EL DORADO,SACRAMENTO RIVER,KYBURZ,38.824000°,-120.359000°,Sacramento Municipal Utility District,Sacramento Municipal Utility District
INP,Independence,Independence Lake,Independence Creek,17295,https://cdec.water.ca.gov/dynamicapp/staMeta?station_id=INP,6921ft,TRUCKEE RIVER,SIERRA,NORTH LAHONTAN,TRUCKEE,39.452000°,-120.290000°,US Geological Survey,.None Specified
INL,Independence,Independence Lake,Independence Creek,17500,https://cdec.water.ca.gov/dynamicapp/staMeta?station_id=INL,6952ft,TRUCKEE RIVER,SIERRA,NORTH LAHONTAN,TRUCKEE,39.450000°,-120.283000°,Sierra County,.None Specified
MMW,Indian Ole,Mountain Meadows,N Fork Feather River Tributary,24800,https://cdec.water.ca.gov/dynamicapp/staMeta?station_id=MMW,5046ft,FEATHER RIVER,LASSEN,SACRAMENTO RIVER,WESTWOOD,40.283000°,-121.017000°,Pacific Gas & Electric,.None Specified
INV,Indian Valley,Indian Valley Reservoir,Cache Creek Tributary,300000,https://cdec.water.ca.gov/dynamicapp/staMeta?station_id=INV,1502ft,CACHE CREEK,LAKE,SACRAMENTO RIVER,BARKERVILLE,39.083000°,-122.533000°,Yolo County Flood Control and Water Consv Dist,Yolo County Flood Control and Water Consv Dist
IRC,Iron Canyon,Iron Canyon Reservoir,Pit River Tribuatary,24300,https://cdec.water.ca.gov/dynamicapp/staMeta?station_id=IRC,2675ft,PIT RIVER,SHASTA,SACRAMENTO RIVER,BIG BEND,41.045000°,-121.981000°,Pacific Gas & Electric,Pacific Gas & Electric
ISB,Isabella,Lake Isabella,Kern River,568000,https://cdec.water.ca.gov/dynamicapp/staMeta?station_id=ISB,2635ft,KERN RIVER,KERN,TULARE LAKE,LAKE ISABELLA,35.646000°,-118.473000°,US Army Corps of Engineers,.None Specified
JCK,Jackson Meadows,Jackson Meadows Res,M Fork Yuba River,69205,https://cdec.water.ca.gov/dynamicapp/staMeta?station_id=JCK,6037ft,YUBA RIVER,NEVADA,SACRAMENTO RIVER,SIERRA CITY,39.509000°,-120.552000°,Nevada County,Nevada County
ATN,James H Turner,Lake San Antonio,Salinas River Tributary,331060,https://cdec.water.ca.gov/dynamicapp/staMeta?station_id=ATN,779ft,SALINAS RIVER,MONTEREY,CENTRAL COAST,BRADLEY,35.798000°,-120.883000°,Monterey County,Monterey County
LNG,James J Lenihan,Lexington Reservoir,Los Gatos Creek,18534,https://cdec.water.ca.gov/dynamicapp/staMeta?station_id=LNG,659ft,SANTA CLARA VALLEY,SANTA CLARA,SAN FRANCISCO BAY,LOS GATOS,37.202000°,-121.988000°,Santa Clara County,Santa Clara County
JML,Juncal,Jameson Lake,Santa Ynez River,4968,https://cdec.water.ca.gov/dynamicapp/staMeta?station_id=JML,610ft,SANTA YNEZ RIVER,SANTA BARBARA,SOUTH COAST,CARPINTERIA,34.492000°,-119.507000°,Montecito Water District,Montecito Water District
JNC,Junction,Junction Reservoir,Silver Creek,3250,https://cdec.water.ca.gov/dynamicapp/staMeta?station_id=JNC,4468ft,AMERICAN RIVER,EL DORADO,SACRAMENTO RIVER,POLLACK PINES,38.853000°,-120.453000°,Sacramento Municipal Utility District,Sacramento Municipal Utility District
KNT,Kent,Kent Lake,Lagunitas Creek,32900,https://cdec.water.ca.gov/dynamicapp/staMeta?station_id=KNT,415ft,COAST-MARIN,MARIN,SAN FRANCISCO BAY,FOREST KNOLLS,37.997000°,-122.702000°,Marin Municipal Water District,.None Specified
KKR,Kerckhoff,Kerckhoff Reservoir,San Joaquin,4200,https://cdec.water.ca.gov/dynamicapp/staMeta?station_id=KKR,974ft,SAN JOAQUIN RIVER,FRESNO,SAN JOAQUIN RIVER,NEW AUBERRY,37.128110°,-119.525530°,Pacific Gas & Electric,Pacific Gas & Electric
KES,Keswick,Keswick Reservoir,Sacramento River,23772,https://cdec.water.ca.gov/dynamicapp/staMeta?station_id=KES,596ft,SACRAMENTO RIVER,SHASTA,SACRAMENTO RIVER,REDDING,40.612104°,-122.445699°,US Bureau of Reclamation,US Bureau of Reclamation
LGR,La Grange,La Grange Reservoir,Tuolumne River,500,https://cdec.water.ca.gov/dynamicapp/staMeta?station_id=LGR,52ft,TUOLUMNE RIVER,STANISLAUS,SAN JOAQUIN RIVER,TURLOCK,37.667000°,-120.462000°,US Army Corps of Engineers,.None Specified
LFY,Lafayette,Lafayette,Lafayette Creek,4250,https://cdec.water.ca.gov/dynamicapp/staMeta?station_id=LFY,465ft,SAN FRANCISCO BAY,CONTRA COSTA,SAN FRANCISCO BAY,ORINDA,37.885000°,-122.138000°,East Bay Municipal Utility District,.None Specified
LGT,Lagunitas,Lagunitas Lake,Lagunitas Creek,341,https://cdec.water.ca.gov/dynamicapp/staMeta?station_id=LGT,799ft,COAST-MARIN,MARIN,SAN FRANCISCO BAY,PETALUMA,37.947000°,-122.597000°,Marin Municipal Water District,.None Specified
LEA,Lake Alpine,Lake Alpine,Silver Creek,4600,https://cdec.water.ca.gov/dynamicapp/staMeta?station_id=LEA,7302ft,STANISLAUS RIVER,ALPINE,SAN JOAQUIN RIVER,BEAR VALLEY,38.471390°,-120.002777°,Northern California Power Agency,Northern California Power Agency
LKF,Lake Fordyce near Cisco,Lake Fordyce,Fordyce Creek,48900,https://cdec.water.ca.gov/dynamicapp/staMeta?station_id=LKF,6290ft,YUBA RIVER,NEVADA,SACRAMENTO RIVER,CISCO GROVE,39.378890°,-120.494440°,Pacific Gas & Electric,Pacific Gas & Electric
HMT,Lake Hemet,Lake Hemet,San Jacinto River,14000,https://cdec.water.ca.gov/dynamicapp/staMeta?station_id=HMT,4202ft,SAN JACINTO RIVER,RIVERSIDE,SOUTH COAST,PALM SPRINGS,33.666000°,-116.705000°,Lake Hemet Muncipal Water District,.None Specified
HDG,Lake Hodges,Lake Hodges,San Dieguito River,30251,https://cdec.water.ca.gov/dynamicapp/staMeta?station_id=HDG,315ft,SAN DIEGUITO RIVER,SAN DIEGO,SOUTH COAST,ESCONDIDO,33.046000°,-117.128000°,San Diego County,.None Specified
LVD,Lake Loveland,Lake Loveland,Sweetwater River,25400,https://cdec.water.ca.gov/dynamicapp/staMeta?station_id=LVD,1366ft,SWEETWATER RIVER,SAN DIEGO,SOUTH COAST,EL CAJON,32.779000°,-116.792000°,South Bay Irrigation District,.None Specified
THC,Lake Tahoe,Lake Tahoe,Truckee River,732000,https://cdec.water.ca.gov/dynamicapp/staMeta?station_id=THC,6230ft,TRUCKEE RIVER,PLACER,NORTH LAHONTAN,TAHOE CITY,39.182000°,-120.119000°,USGS/DWR,USGS/DWR
LVY,Lake Valley,Lake Valley Reservoir,N Fork American River,8127,https://cdec.water.ca.gov/dynamicapp/staMeta?station_id=LVY,5855ft,AMERICAN RIVER,PLACER,SACRAMENTO RIVER,CISCO GROVE,39.300000°,-120.583000°,Pacific Gas & Electric,.None Specified
LRA,Leroy Anderson,Anderson Reservoir,Coyote Creek,89278,https://cdec.water.ca.gov/dynamicapp/staMeta?station_id=LRA,640ft,SANTA CLARA VALLEY,SANTA CLARA,SAN FRANCISCO BAY,MADRONE,37.165000°,-121.632000°,Santa Clara Valley Water District,Santa Clara Valley Water District
LEW,Lewiston,Lewiston Lake,Trinity River,14660,https://cdec.water.ca.gov/dynamicapp/staMeta?station_id=LEW,1870ft,TRINITY RIVER,TRINITY,NORTH COAST,LEWISTON,40.727000°,-122.793000°,US Bureau of Reclamation,US Bureau of Reclamation
LGV,Little Grass Valley,Little Grass Valley Reservoir,S Fork Feather River,93010,https://cdec.water.ca.gov/dynamicapp/staMeta?station_id=LGV,5047ft,FEATHER RIVER,PLUMAS,SACRAMENTO RIVER,LA PORTE,39.724000°,-121.019000°,South Feather Water and Power Agency,.None Specified
LRK,Littlerock,Littlerock Reservoir,Littlerock Creek,4600,https://cdec.water.ca.gov/dynamicapp/staMeta?station_id=LRK,745ft,MOJAVE DESERT,LOS ANGELES,SOUTH LAHONTAN,PALMDALE,34.485000°,-118.022000°,.None Specified,.None Specified
CRW,Long Valley,Lake Crowley,Owens River,183465,https://cdec.water.ca.gov/dynamicapp/staMeta?station_id=CRW,6797ft,OWENS RIVER,MONO,SOUTH LAHONTAN,MAMMOTH LAKES,37.604000°,-118.707000°,City of Los Angeles; Dept of Water and Power,.None Specified
LON,Loon Lake,Loon Lake,Rubicon River Tributary,69306,https://cdec.water.ca.gov/dynamicapp/staMeta?station_id=LON,6410ft,AMERICAN RIVER,EL DORADO,SACRAMENTO RIVER,MEEKS BAY,38.983000°,-120.323000°,Sacramento Municipal Utility District,Sacramento Municipal Utility District
LOP,Lopez Lake,Lopez Lake,Arroyo Grande Creek,49388,https://cdec.water.ca.gov/dynamicapp/staMeta?station_id=LOP,759ft,ARROYO GRANDE CREEK,SAN LUIS OBISPO,CENTRAL COAST,ARROYO GRANDE,35.188000°,-120.487000°,San Luis Obispo County,San Luis Obispo County
LBS,Los Banos,Los Banos Reservoir,San Joaquin River,34600,https://cdec.water.ca.gov/dynamicapp/staMeta?station_id=LBS,350ft,SAN JOAQUIN RIVER,MERCED,SAN JOAQUIN RIVER,LOS BANOS,36.994000°,-120.930000°,CA Dept of Water Resources/O&M San Luis Field Division,CA Dept of Water Resources/O&M San Luis Field Division
LVQ,Los Vaqueros,Los Vaqueros Reservoir,Kellogg Creek,160000,https://cdec.water.ca.gov/dynamicapp/staMeta?station_id=LVQ,472ft,KELLOGG CREEK,CONTRA COSTA,SAN FRANCISCO BAY,BYRON,37.838000°,-121.726000°,Contra Costa Water District,Contra Costa Water District
LWB,Lower Bear River,Lower Bear Reservoir,Bear River,48750,https://cdec.water.ca.gov/dynamicapp/staMeta?station_id=LWB,5824ft,MOKELUMNE RIVER,AMADOR,SAN JOAQUIN RIVER,JACKSON,38.538000°,-120.257000°,Pacific Gas & Electric,.None Specified
CRY,Lower Crystal Springs,Crystal Springs Reservoir,San Mateo Creek,68865,https://cdec.water.ca.gov/dynamicapp/staMeta?station_id=CRY,293ft,SAN MATEO CREEK,SAN MATEO,SAN FRANCISCO BAY,SAN MATEO,37.515278°,-122.355833°,San Francisco County,.None Specified
HHL,Lower Hell Hole,Hell Hole Reservoir,Rubicon River,207600,https://cdec.water.ca.gov/dynamicapp/staMeta?station_id=HHL,4630ft,AMERICAN RIVER,PLACER,SACRAMENTO RIVER,MEEKS BAY,39.058000°,-120.407000°,Placer County Water Agency,Placer County Water Agency
LYS,Lyons,Lyons Reservoir,S Fork Stanislaus River,6228,https://cdec.water.ca.gov/dynamicapp/staMeta?station_id=LYS,4134ft,STANISLAUS RIVER,TUOLUMNE,SAN JOAQUIN RIVER,SONORA,38.094000°,-120.166000°,Pacific Gas & Electric,.None Specified
SWB,Main Strawberry,Pinecrest Lake,S Fork Stanislaus,18312,https://cdec.water.ca.gov/dynamicapp/staMeta?station_id=SWB,5620ft,STANISLAUS RIVER,TUOLUMNE,SAN JOAQUIN RIVER,PINECREST,38.200000°,-119.983000°,Pacific Gas & Electric,.None Specified
MPL,Mammoth Pool,Mammoth Pool Reservoir,San Joaquin River,123000,https://cdec.water.ca.gov/dynamicapp/staMeta?station_id=MPL,3330ft,SAN JOAQUIN RIVER,FRESNO,SAN JOAQUIN RIVER,BIG CREEK,37.329000°,-119.328000°,Southern California Edison Company,.None Specified
MAR,Mariposa Creek,Mariposa Creek Dam,Mariposa Creek,15000,https://cdec.water.ca.gov/dynamicapp/staMeta?station_id=MAR,459ft,MERCED RIVER,MARIPOSA,SAN JOAQUIN RIVER,PLANADA,37.292000°,-120.147000°,US Army Corps of Engineers,.None Specified
EDN,Mark Edson,Stumpy Meadows Lake,Rubicon River,20000,https://cdec.water.ca.gov/dynamicapp/staMeta?station_id=EDN,4272ft,AMERICAN RIVER,EL DORADO,SACRAMENTO RIVER,PLACERVILLE,38.903000°,-120.603000°,Georgetown Divide Public Utility District,.None Specified
MRT,Martis Creek,Martis Creek Reservoir,Martis Creek,20400,https://cdec.water.ca.gov/dynamicapp/staMeta?station_id=MRT,5745ft,TRUCKEE RIVER,NEVADA,NORTH LAHONTAN,TRUCKEE,39.327000°,-120.113000°,US Army Corps of Engineers,US Army Corps of Engineers
MAT,Matilija,Matilija Reservoir,Matilija Creek,1800,https://cdec.water.ca.gov/dynamicapp/staMeta?station_id=MAT,1138ft,VENTURA RIVER,VENTURA,SOUTH COAST,MATILIJA HOT SPRINGS,34.486000°,-119.307000°,Ventura County Flood Control District,.None Specified
MHW,Matthews,Lake Matthews,De Luz Creek Tributary,179300,https://cdec.water.ca.gov/dynamicapp/staMeta?station_id=MHW,1404ft,SANTA ANA AB NARROWS,RIVERSIDE,SOUTH COAST,CORONA,33.833000°,-117.460000°,Metropolitan Water District,Metropolitan Water District
MCO,McCloud,McCloud Reservoir,McCloud River,35300,https://cdec.water.ca.gov/dynamicapp/staMeta?station_id=MCO,2700ft,MC CLOUD RIVER,SHASTA,SACRAMENTO RIVER,MCCLOUD,41.135000°,-122.074000°,Pacific Gas & Electric,.None Specified
MCS,McSwain,Lake McSwain,Merced River,9730,https://cdec.water.ca.gov/dynamicapp/staMeta?station_id=MCS,425ft,MERCED RIVER,MARIPOSA,SAN JOAQUIN RIVER,MERCED,37.520000°,-120.309000°,Merced Irrigation District,Merced Irrigation District
MMR,Miramar,Lake Miramar,San Diego River,6682,https://cdec.water.ca.gov/dynamicapp/staMeta?station_id=MMR,720ft,SAN DIEGO RIVER,SAN DIEGO,SOUTH COAST,MIRAMAR,32.915454°,-117.098879°,San Diego County,San Diego County
MDO,Modesto Reservoir,Modesto Reservoir,Tuolumne River,29000,https://cdec.water.ca.gov/dynamicapp/staMeta?station_id=MDO,210ft,TUOLUMNE RIVER,STANISLAUS,SAN JOAQUIN RIVER,TURLOCK,37.657000°,-120.675000°,Modesto Irrigation District,.None Specified
BER,Montecello,Lake Berryessa,Putah Creek,1602000,https://cdec.water.ca.gov/dynamicapp/staMeta?station_id=BER,456ft,PUTAH CREEK,NAPA,SACRAMENTO RIVER,WINTERS,38.513000°,-122.104000°,US Bureau of Reclamation,.None Specified
MOR,Morena,Morena Lake,Cottonwood Creek,50694,https://cdec.water.ca.gov/dynamicapp/staMeta?station_id=MOR,3053ft,SAN DIEGO RIVER,SAN DIEGO,SOUTH COAST,CHULA VISTA,32.683000°,-116.550000°,San Diego County,.None Specified
MRR,Murray,Murray Reservoir,Chaparral Canyon,4684,https://cdec.water.ca.gov/dynamicapp/staMeta?station_id=MRR,542ft,SAN DIEGO RIVER,SAN DIEGO,SOUTH COAST,LA MESA,32.782000°,-117.047000°,San Diego County,.None Specified
NCM,Nacimiento,Lake Nacimiento,Nacimiento River,382770,https://cdec.water.ca.gov/dynamicapp/staMeta?station_id=NCM,784ft,NACIMIENTO RIVER,SAN LUIS OBISPO,CENTRAL COAST,BRADLEY,35.758000°,-120.884000°,Monterey County,Monterey County
NAT,Natoma,Lake Natoma,American River,9000,https://cdec.water.ca.gov/dynamicapp/staMeta?station_id=NAT,132ft,AMERICAN RIVER,SACRAMENTO,SACRAMENTO RIVER,NIMBUS,38.636145°,-121.220039°,US Bureau of Reclamation,US Bureau of Reclamation
BUL,New Bullards Bar,New Bullards Bar Reservoir,N Fork Yuba River,966000,https://cdec.water.ca.gov/dynamicapp/staMeta?station_id=BUL,1965ft,YUBA RIVER,YUBA,SACRAMENTO RIVER,DOBBINS,39.393000°,-121.140000°,Yuba Water Agency,CA Dept of Water Resources
MCR,New Exchequer,Lake McClure,Merced River,1024600,https://cdec.water.ca.gov/dynamicapp/staMeta?station_id=MCR,1019ft,RUSSIAN RIVER,MENDOCINO,NORTH COAST,REDWOOD VALLEY,39.282206°,-123.300137°,Center for Western Weather and Water Extremes,Center for Western Weather and Water Extremes
EXC,New Exchequer,Lake McClure,Merced River,1024600,https://cdec.water.ca.gov/dynamicapp/staMeta?station_id=EXC,879ft,MERCED RIVER,MARIPOSA,SAN JOAQUIN RIVER,SNELLING,37.585000°,-120.270000°,Merced Irrigation District,.None Specified
NHG,New Hogan,New Hogan Lake,Calaveras River,317000,https://cdec.water.ca.gov/dynamicapp/staMeta?station_id=NHG,554ft,CALAVERAS RIVER,CALAVERAS,SAN JOAQUIN RIVER,VALLEY SPRINGS,38.152000°,-120.812000°,US Army Corps of Engineers,.None Specified
NML,New Melones,New Melones Reservoir,Stanislaus River,2400000,https://cdec.water.ca.gov/dynamicapp/staMeta?station_id=NML,1135ft,STANISLAUS RIVER,CALAVERAS,SAN JOAQUIN RIVER,SONORA,37.948100°,-120.525000°,US Bureau of Reclamation,.None Specified
SPM,New Spicer Meadow,New Spicer Meadow Reservoir,N Fork Stanislaus River,189000,https://cdec.water.ca.gov/dynamicapp/staMeta?station_id=SPM,6516ft,STANISLAUS RIVER,TUOLUMNE,SAN JOAQUIN RIVER,BEAR VALLEY,38.393333°,-119.996900°,Calaveras County Water District,Calaveras County Water District
NWL,Newell Creek,Loch Lomond Reservoir,Newell Creek,8991,https://cdec.water.ca.gov/dynamicapp/staMeta?station_id=NWL,925ft,SAN LORENZO RIVER,SANTA CRUZ,CENTRAL COAST,BEN LOMOND,37.103000°,-122.072000°,City of Santa Cruz,.None Specified
NCA,Nicasio,Nicasio Reservoir,Nicasio Creek,22400,https://cdec.water.ca.gov/dynamicapp/staMeta?station_id=NCA,180ft,COAST-MARIN,MARIN,SAN FRANCISCO BAY,POINT REYES STATION,38.075000°,-122.757000°,Marin Municipal Water District,.None Specified
ONF,O Neill Forebay,O'Neill Forebay,San Luis Creek,56400,https://cdec.water.ca.gov/dynamicapp/staMeta?station_id=ONF,225ft,SAN JOAQUIN VLY WEST,MERCED,SAN JOAQUIN RIVER,LOS BANOS,37.067000°,-121.067000°,CA Dept of Water Resources/O&M San Joaquin Field Division,CA Dept of Water Resources/O&M San Joaquin Field Division
HTH,O Shanessey,Hetch-Hetchy Reservoir,Tuolumne River,360000,https://cdec.water.ca.gov/dynamicapp/staMeta?station_id=HTH,3870ft,TUOLUMNE RIVER,TUOLUMNE,SAN JOAQUIN RIVER,YOSEMITE,37.950000°,-119.783000°,Hetch Hetchy Water and Power,Hetch Hetchy Water and Power
OLH,Olivenhain,Olivenhain Reservoir,Escondido Creek,24000,https://cdec.water.ca.gov/dynamicapp/staMeta?station_id=OLH,800ft,SAN DIEGUITO RIVER,SAN DIEGO,SOUTH COAST,ESCONDIDO,33.074044°,-117.138333°,San Diego County,.None Specified
ORO,Oroville,Lake Oroville,Feather River,3424753,https://cdec.water.ca.gov/dynamicapp/staMeta?station_id=ORO,900ft,FEATHER RIVER,BUTTE,SACRAMENTO RIVER,OROVILLE,39.540000°,-121.493000°,CA Dept of Water Resources/O&M Oroville Field Division,CA Dept of Water Resources/O&M Oroville Field Division
LOT,Otay,Lower Otay,Otay River,49849,https://cdec.water.ca.gov/dynamicapp/staMeta?station_id=LOT,485ft,OTAY RIVER,SAN DIEGO,SOUTH COAST,CHULA VISTA,32.609000°,-116.927000°,City of San Diego,.None Specified
OWN,Owens Creek,Owens Creek Dam,Owens Creek,3600,https://cdec.water.ca.gov/dynamicapp/staMeta?station_id=OWN,424ft,MERCED RIVER,MARIPOSA,SAN JOAQUIN RIVER,PLANADA,37.282000°,-120.187000°,US Army Corps of Engineers,US Army Corps of Engineers
PAR,Pardee,Pardee Reservoir,Mokelumne River,203795,https://cdec.water.ca.gov/dynamicapp/staMeta?station_id=PAR,568ft,MOKELUMNE RIVER,CALAVERAS,SAN JOAQUIN RIVER,VALLEY SPRINGS,38.250000°,-120.850000°,East Bay Municipal Utility District,East Bay Municipal Utility District
HVS,Parker Dam,Lake Havasu,Colorado River,648000,https://cdec.water.ca.gov/dynamicapp/staMeta?station_id=HVS,451ft,COLORADO RIVER,SAN BERNARDINO,COLORADO RIVER,NEEDLES,34.317000°,-114.156000°,US Bureau of Reclamation,.None Specified
PRR,Perris,Lake Perris,none,131452,https://cdec.water.ca.gov/dynamicapp/staMeta?station_id=PRR,1600ft,SAN JACINTO RIVER,RIVERSIDE,SOUTH COAST,RIVERSIDE,33.858000°,-117.183000°,CA Dept of Water Resources/O&M Southern Field Division,CA Dept of Water Resources/O&M Southern Field Division
PNF,Pine Flat,Pine Flat Dam,Kings River,1000000,https://cdec.water.ca.gov/dynamicapp/staMeta?station_id=PNF,970ft,KINGS RIVER,FRESNO,TULARE LAKE,FRESNO,36.833000°,-119.325000°,US Army Corps of Engineers,.None Specified
PT6,Pit 6 Reservoir,Pit 6 Reservoir,Pit River,15890,https://cdec.water.ca.gov/dynamicapp/staMeta?station_id=PT6,1362ft,PIT RIVER,SHASTA,SACRAMENTO RIVER,MONTGOMERY CREEK,40.923000°,-121.994000°,Pacific Gas & Electric,Pacific Gas & Electric
PT7,Pit 7 Reservoir,Pit 7 Reservoir,Pit River,34610,https://cdec.water.ca.gov/dynamicapp/staMeta?station_id=PT7,1274ft,PIT RIVER,SHASTA,SACRAMENTO RIVER,MONTGOMERY CREEK,40.849400°,-121.990650°,Pacific Gas & Electric,Pacific Gas & Electric
BIT,Pit Number 3,Lake Britton,Pit River,40620,https://cdec.water.ca.gov/dynamicapp/staMeta?station_id=BIT,2744ft,PIT RIVER,SHASTA,SACRAMENTO RIVER,BURNEY,41.022000°,-121.676000°,Pacific Gas & Electric,Pacific Gas & Electric
PVP,Potter Valley PH,none,EF Russian River,null,https://cdec.water.ca.gov/dynamicapp/staMeta?station_id=PVP,1020ft,RUSSIAN RIVER,MENDOCINO,NORTH COAST,UKIAH,39.367000°,-123.133000°,Pacific Gas & Electric,.None Specified
PRA,Prado,Prado Reservoir,Santa Ana River,314400,https://cdec.water.ca.gov/dynamicapp/staMeta?station_id=PRA,566ft,SANTA ANA RIVER,RIVERSIDE,SOUTH COAST,CORONA,33.890000°,-117.643000°,US Army Corps of Engineers,.None Specified
PRS,Prosser,Prosser Reservoir,Prosser Creek,29800,https://cdec.water.ca.gov/dynamicapp/staMeta?station_id=PRS,5622ft,TRUCKEE RIVER,NEVADA,NORTH LAHONTAN,TRUCKEE,39.379400°,-120.136700°,US Bureau of Reclamation,.None Specified
PYM,Pyramid,Pyramid Lake,Piru Creek,180000,https://cdec.water.ca.gov/dynamicapp/staMeta?station_id=PYM,2606ft,U SANTA CLARA RIVER,LOS ANGELES,SOUTH COAST,PIRU,34.644153°,-118.764528°,CA Dept of Water Resources/O&M Southern Field Division,CA Dept of Water Resources/O&M Southern Field Division
QUL,Quail,Quail Lake,none,5654,https://cdec.water.ca.gov/dynamicapp/staMeta?station_id=QUL,3327ft,MOJAVE DESERT,LOS ANGELES,SOUTH LAHONTAN,GORMAN,34.771605°,-118.746191°,.None Specified,.None Specified
RLC,Railroad Canyon,Railroad Canyon Reservoir,San Jacinto River,11847,https://cdec.water.ca.gov/dynamicapp/staMeta?station_id=RLC,1398ft,SANTA ANA RIVER,RIVERSIDE,SOUTH COAST,LAKE ELSINORE,33.675000°,-117.272000°,Elsinore Valley Municipal Water District,.None Specified
RDN,Redinger,Redinger Lake,San Joaquin River,35000,https://cdec.water.ca.gov/dynamicapp/staMeta?station_id=RDN,1403ft,SAN JOAQUIN RIVER,MADERA,SAN JOAQUIN RIVER,FRIANT,37.145000°,-119.449000°,Southern California Edison Company,.None Specified
RLF,Relief,Relief Reservoir,M Fork Stanislaus River,15554,https://cdec.water.ca.gov/dynamicapp/staMeta?station_id=RLF,7220ft,STANISLAUS RIVER,TUOLUMNE,SAN JOAQUIN RIVER,DARDANELLE,38.267000°,-119.733000°,Pacific Gas & Electric,.None Specified
RLL,Rollins,Rollins Reservoir,Bear River,66000,https://cdec.water.ca.gov/dynamicapp/staMeta?station_id=RLL,2176ft,BEAR RIVER,PLACER,SACRAMENTO RIVER,COLFAX,39.135000°,-120.948000°,Nevada County,Nevada County
RBL,Rubicon Lake,Rubicon Lake,Rubicon River,1450,https://cdec.water.ca.gov/dynamicapp/staMeta?station_id=RBL,6800ft,AMERICAN RIVER,EL DORADO,SACRAMENTO RIVER,SOUTH LAKE TAHOE,38.967000°,-120.217000°,Sacramento Municipal Utility District,Sacramento Municipal Utility District
RTD,Ruth,Ruth Lake,Mad River,61000,https://cdec.water.ca.gov/dynamicapp/staMeta?station_id=RTD,2675ft,MAD RIVER,TRINITY,NORTH COAST,FOREST GLEN,40.367000°,-123.433000°,Humboldt Bay Muncipal Water District,.None Specified
SDB,Saddlebag,Saddlebag Lake,Lee Vining Creek,9465,https://cdec.water.ca.gov/dynamicapp/staMeta?station_id=SDB,10090ft,MONO LAKE,MONO,SOUTH LAHONTAN,LEE VINING,37.966000°,-119.272000°,"Southern California Edison Company, Big Creek",.None Specified
SLN,Salinas,Santa Margarita Lake,Salinas River,26000,https://cdec.water.ca.gov/dynamicapp/staMeta?station_id=SLN,1325ft,SALINAS RIVER,SAN LUIS OBISPO,CENTRAL COAST,SAN LUIS OBISPO,35.333000°,-120.502000°,US Army Corps of Engineers,.None Specified
SLS,Salt Springs,Salt Springs Reservoir,N Fork Mokelumne River,141900,https://cdec.water.ca.gov/dynamicapp/staMeta?station_id=SLS,3700ft,MOKELUMNE RIVER,AMADOR,SAN JOAQUIN RIVER,TAMARAK,38.497000°,-120.216000°,Pacific Gas & Electric,.None Specified
SNN,San Andreas,San Andreas Lake,San Mateo Creek Tributary,19027,https://cdec.water.ca.gov/dynamicapp/staMeta?station_id=SNN,456ft,SAN FRANCISCO BAY,SAN MATEO,SAN FRANCISCO BAY,MILLBRAE,37.580161°,-122.413281°,San Francisco County,San Francisco County
SAT,San Antonio,San Antonio Reservoir,Alameda Creek Tributary,50500,https://cdec.water.ca.gov/dynamicapp/staMeta?station_id=SAT,468ft,ALAMEDA CREEK,ALAMEDA,SAN FRANCISCO BAY,BRADLEY,37.573000°,-121.848000°,San Francisco County,San Francisco County
SGB,San Gabriel No. 1,San Gabriel Reservoir,San Gabriel,44440,https://cdec.water.ca.gov/dynamicapp/staMeta?station_id=SGB,1481ft,SAN GABRIEL RIVER,LOS ANGELES,SOUTH COAST,MONROVIA,34.207000°,-117.858000°,Los Angeles County,.None Specified
LUS,San Luis,San Luis Reservoir (SWP),San Luis Creek,1062000,https://cdec.water.ca.gov/dynamicapp/staMeta?station_id=LUS,543ft,SAN JOAQUIN VLY WEST,MERCED,SAN JOAQUIN RIVER,LOS BANOS,37.001000°,-121.002000°,CA Dept of Water Resources,.None Specified
SLF,San Luis,San Luis Reservoir (CVP),San Luis Creek,971000,https://cdec.water.ca.gov/dynamicapp/staMeta?station_id=SLF,543ft,SAN JOAQUIN VLY WEST,MERCED,SAN JOAQUIN RIVER,LOS BANOS,37.001000°,-121.002000°,CA Dept of Water Resources,.None Specified
SNL,San Luis,San Luis Reservoir,San Luis Creek,2041000,https://cdec.water.ca.gov/dynamicapp/staMeta?station_id=SNL,543ft,SAN LUIS CREEK,MERCED,SAN JOAQUIN RIVER,LOS BANOS,37.033000°,-121.133000°,CA Dept of Water Resources/O&M San Luis Field Division,CA Dept of Water Resources/O&M San Luis Field Division
SPB,San Pablo,San Pablo Reservoir,San Pablo,43193,https://cdec.water.ca.gov/dynamicapp/staMeta?station_id=SPB,330ft,SAN FRANCISCO BAY,CONTRA COSTA,SAN FRANCISCO BAY,SAN PABLO,37.942300°,-122.258700°,East Bay Municipal Utility District,.None Specified
SVT,San Vicente,San Vicente Reservoir,San Vicente Creek,249358,https://cdec.water.ca.gov/dynamicapp/staMeta?station_id=SVT,560ft,SAN DIEGO RIVER,SAN DIEGO,SOUTH COAST,SANTEE,32.912000°,-116.924000°,City of San Diego,City of San Diego
PRU,Santa Felicia,Lake Piru,Piru Creek,83244,https://cdec.water.ca.gov/dynamicapp/staMeta?station_id=PRU,213ft,PIRU CREEK,VENTURA,SOUTH COAST,PIRU,34.461000°,-118.751000°,United Water Conservation District,.None Specified
SGC,Santiago Creek,Irvine Lake,Santiago Creek,25000,https://cdec.water.ca.gov/dynamicapp/staMeta?station_id=SGC,810ft,SANTA ANA RIVER,ORANGE,SOUTH COAST,ORANGE,33.785000°,-117.723000°,Serrano Irrigation Dist and Irvine Ranch Water Dist,.None Specified
LPY,Scott Dam,Lake Pillsbury,Eel River,80500,https://cdec.water.ca.gov/dynamicapp/staMeta?station_id=LPY,1828ft,EEL RIVER,LAKE,NORTH COAST,POTTER VALLEY,39.408300°,-122.958300°,Pacific Gas & Electric,Pacific Gas & Electric
SCD,Scott Dam,Lake Pillsbury,Eel River,80500,https://cdec.water.ca.gov/dynamicapp/staMeta?station_id=SCD,1807ft,EEL RIVER,LAKE,NORTH COAST,POTTER VALLEY,39.408300°,-122.958600°,Pacific Gas & Electric,.None Specified
SFL,Scotts Flat,Scotts Flat Reservoir,Deer Creek,49000,https://cdec.water.ca.gov/dynamicapp/staMeta?station_id=SFL,3085ft,YUBA RIVER,NEVADA,SACRAMENTO RIVER,NEVADA CITY,39.274000°,-120.917000°,Nevada Irrigation District,Nevada Irrigation District
SVO,Seven Oaks Reservoir,Seven Oaks Reservoir,Santa Ana River,145600,https://cdec.water.ca.gov/dynamicapp/staMeta?station_id=SVO,2610ft,SANTA ANA RIVER,SAN BERNARDINO,SOUTH COAST,REDLANDS,34.117800°,-117.097800°,"Orange, Riverside and San Bernardino Counties",.None Specified
SHA,Shasta,Lake Shasta,Sacramento River,4552000,https://cdec.water.ca.gov/dynamicapp/staMeta?station_id=SHA,1067ft,SACRAMENTO RIVER,SHASTA,SACRAMENTO RIVER,REDDING,40.718000°,-122.420000°,US Bureau of Reclamation,US Bureau of Reclamation
SHV,Shaver,Shaver Lake,San Joaquin River,135283,https://cdec.water.ca.gov/dynamicapp/staMeta?station_id=SHV,5370ft,SAN JOAQUIN RIVER,FRESNO,SAN JOAQUIN RIVER,SHAVER LAKE,37.145000°,-119.302000°,Southern California Edison Company,Southern California Edison Company
SIV,Silver,Silver Lake,Silver Fork American River,8640,https://cdec.water.ca.gov/dynamicapp/staMeta?station_id=SIV,7134ft,AMERICAN RIVER,AMADOR,SACRAMENTO RIVER,KIT CARSON,38.669000°,-120.121000°,El Dorado Irrigation District,El Dorado Irrigation District
SKN,Skinner Clearwell,Skinner Lake,none,43800,https://cdec.water.ca.gov/dynamicapp/staMeta?station_id=SKN,1479ft,SAN DIEGO RIVER,RIVERSIDE,SOUTH COAST,HEMET,33.583000°,-117.072000°,Metropolitan Water District,.None Specified
SLB,Slab Creek,Slab Creek Reservoir,S Fork American River,16600,https://cdec.water.ca.gov/dynamicapp/staMeta?station_id=SLB,1850ft,AMERICAN RIVER,EL DORADO,SACRAMENTO RIVER,PLACERVILLE,38.772500°,-120.699400°,Sacramento Municipal Utility District,.None Specified
SLC,Sly Creek,Sly Creek Reservoir,Lost Creek,65050,https://cdec.water.ca.gov/dynamicapp/staMeta?station_id=SLC,3536ft,FEATHER RIVER,BUTTE,SACRAMENTO RIVER,STRAWBERRY VALLEY,39.584000°,-121.116000°,South Feather Water and Power Agency,.None Specified
JNK,Sly Park,Jenkinson Lake,Cosumnes River,41000,https://cdec.water.ca.gov/dynamicapp/staMeta?station_id=JNK,3482ft,COSUMNES RIVER,EL DORADO,SAN JOAQUIN RIVER,POLLOCK PINES,38.713000°,-120.560000°,El Dorado Irrigation District,.None Specified
SOL,Solano,Lake Solano,Putah Creek,720,https://cdec.water.ca.gov/dynamicapp/staMeta?station_id=SOL,150ft,PUTAH CREEK,SOLANO,SACRAMENTO RIVER,WINTERS,38.500000°,-122.000000°,Solano County Water Agency,.None Specified
SLJ,Soulajule,Soulajule,San Francisco Bay,10700,https://cdec.water.ca.gov/dynamicapp/staMeta?station_id=SLJ,344ft,COAST-MARIN,MARIN,SAN FRANCISCO BAY,NOVATO,38.153000°,-122.782000°,Marin Municipal Water District,Marin Municipal Water District
SKR,South Lake,South Lake,Bishop Creek,12900,https://cdec.water.ca.gov/dynamicapp/staMeta?station_id=SKR,837ft,OWENS RIVER,INYO,SOUTH LAHONTAN,BISHOP,37.166020°,-118.569540°,"Southern California Edison Company, Bishop","Southern California Edison Company, Bishop"
SLK,South Lake,South Lake,Bishop Creek,12900,https://cdec.water.ca.gov/dynamicapp/staMeta?station_id=SLK,9600ft,OWENS RIVER,INYO,SOUTH LAHONTAN,BISHOP,37.175903°,-118.562660°,CA Dept of Water Resources/DFM-Hydro-SMN,CA Dept of Water Resources/DFM-Hydro-SMN
SPG,Spaulding,Spaulding Lake,S Fork Yuba River,74773,https://cdec.water.ca.gov/dynamicapp/staMeta?station_id=SPG,5013ft,YUBA RIVER,NEVADA,SACRAMENTO RIVER,EMIGRANT GAP,39.329000°,-120.641000°,Pacific Gas & Electric,Pacific Gas & Electric
SPC,Spring Creek,Spring Creek Debris Dam,Spring Creek,5874,https://cdec.water.ca.gov/dynamicapp/staMeta?station_id=SPC,816ft,SACRAMENTO RIVER,SHASTA,SACRAMENTO RIVER,KESWICK,40.629000°,-122.474000°,US Bureau of Reclamation,.None Specified
STP,Stampede,Stampede Lake,Little Truckee River,226500,https://cdec.water.ca.gov/dynamicapp/staMeta?station_id=STP,5956ft,TRUCKEE RIVER,SIERRA,NORTH LAHONTAN,TRUCKEE,39.471000°,-120.103000°,US Geological Survey,.None Specified
SWV,Statewide Storage Estimate 154,Total,none,38102000,https://cdec.water.ca.gov/dynamicapp/staMeta?station_id=SWV,25ft,.NOT SPECIFIED,none specified,none specified,WHOLE STATE,38.582000°,-121.500000°,CA Dept of Water Resources/Flood Management,CA Dept of Water Resources/Flood Management
SEC,Stevens Creek,Stevens Creek Reservoir,Stevens Creek,3056,https://cdec.water.ca.gov/dynamicapp/staMeta?station_id=SEC,1245ft,STEVENS CREEK,SANTA CLARA,SAN FRANCISCO BAY,CUPERTINO,37.298000°,-122.077000°,Santa Clara Valley Water District,Santa Clara Valley Water District
STG,Stony Gorge,Stony Gorge Reservoir,Stony Creek,50000,https://cdec.water.ca.gov/dynamicapp/staMeta?station_id=STG,800ft,STONY CREEK,GLENN,SACRAMENTO RIVER,ELK CREEK,39.583000°,-122.533000°,US Bureau of Reclamation,.None Specified
SCC,Success,Lake Success,Tule River,82300,https://cdec.water.ca.gov/dynamicapp/staMeta?station_id=SCC,692ft,TULE RIVER,TULARE,TULARE LAKE,PORTERVILLE,36.056667°,-118.924167°,US Army Corps of Engineers,US Army Corps of Engineers
STD,Sutherland,Sutherland Lake,Santa Ysabel Creek,29508,https://cdec.water.ca.gov/dynamicapp/staMeta?station_id=STD,2074ft,SAN DIEGUITO RIVER,SAN DIEGO,SOUTH COAST,RAMONA,33.118000°,-116.787000°,San Diego County,.None Specified
SW3,Sweetwater,Sweetwater Reservoir,Sweetwater Creek,27700,https://cdec.water.ca.gov/dynamicapp/staMeta?station_id=SW3,252ft,SWEETWATER RIVER,SAN DIEGO,SOUTH COAST,SAN DIEGO,32.692000°,-117.007000°,South Bay Irrigation District,.None Specified
TRM,Terminus,Lake Kaweah,Kaweah River,185600,https://cdec.water.ca.gov/dynamicapp/staMeta?station_id=TRM,752ft,KAWEAH RIVER,TULARE,TULARE LAKE,VISALIA,36.415000°,-119.002000°,US Army Corps of Engineers,.None Specified
TAB,Thermalito Afterbay,Thermalito Afterbay,Feather River,57041,https://cdec.water.ca.gov/dynamicapp/staMeta?station_id=TAB,140ft,FEATHER RIVER,BUTTE,SACRAMENTO RIVER,OROVILLE,39.450000°,-121.633000°,CA Dept of Water Resources/Operations and Maintenance,.None Specified
THD,Thermalito Diversion Pool,Thermalito Diversion Pool,Feather River,13328,https://cdec.water.ca.gov/dynamicapp/staMeta?station_id=THD,230ft,FEATHER RIVER,BUTTE,SACRAMENTO RIVER,OROVILLE,39.528000°,-121.543000°,CA Dept of Water Resources/Operations and Maintenance,CA Dept of Water Resources/Operations and Maintenance
TFR,Thermalito Forebay,Thermalito Forebay,Feather River,11768,https://cdec.water.ca.gov/dynamicapp/staMeta?station_id=TFR,230ft,FEATHER RIVER,BUTTE,SACRAMENTO RIVER,OROVILLE,39.519000°,-121.629000°,CA Dept of Water Resources/Operations and Maintenance,CA Dept of Water Resources/Operations and Maintenance
TMT,Thermalito System Total,Thermalito System,Feather River,81264,https://cdec.water.ca.gov/dynamicapp/staMeta?station_id=TMT,140ft,FEATHER RIVER,BUTTE,SACRAMENTO RIVER,OROVILLE,39.458000°,-121.638000°,CA Dept of Water Resources,CA Dept of Water Resources
TNM,Tinemaha,Tinemaha Reservoir,Owens River,16405,https://cdec.water.ca.gov/dynamicapp/staMeta?station_id=TNM,3882ft,OWENS RIVER,INYO,SOUTH LAHONTAN,POVERTY HILLS,37.058000°,-118.225000°,City of Los Angeles; Dept of Water and Power,.None Specified
CLE,Trinity,Trinity Lake,Trinity River,2447650,https://cdec.water.ca.gov/dynamicapp/staMeta?station_id=CLE,2370ft,TRINITY RIVER,TRINITY,NORTH COAST,LEWISTON,40.801000°,-122.762000°,US Bureau of Reclamation,.None Specified
TUL,Tulloch,Tulloch Reservoir,Stanislaus River,67000,https://cdec.water.ca.gov/dynamicapp/staMeta?station_id=TUL,515ft,STANISLAUS RIVER,CALAVERAS,SAN JOAQUIN RIVER,SONORA,37.875000°,-120.603000°,US Bureau of Reclamation,.None Specified
TLC,Turlock,Turlock Lake,Tuolumne River,45600,https://cdec.water.ca.gov/dynamicapp/staMeta?station_id=TLC,244ft,TUOLUMNE RIVER,STANISLAUS,SAN JOAQUIN RIVER,TURLOCK,37.600000°,-120.583000°,Turlock Irrigation District,.None Specified
TWT,Twitchell,Twitchell Reservoir,Cuyama River,240000,https://cdec.water.ca.gov/dynamicapp/staMeta?station_id=TWT,692ft,SANTA MARIA RIVER,SAN LUIS OBISPO,CENTRAL COAST,SANTA MARIA,34.983000°,-120.317000°,Santa Maria Valley Water Conservation District,Santa Maria Valley Water Conservation District
UNV,Union Valley,Union Valley Reservoir,S Fork American River,266369,https://cdec.water.ca.gov/dynamicapp/staMeta?station_id=UNV,4870ft,AMERICAN RIVER,EL DORADO,SACRAMENTO RIVER,RIVERTON,38.864000°,-120.438000°,Sacramento Municipal Utility District,Sacramento Municipal Utility District
KLM,Upper Klamath,Upper Klamath,Klamath River,515615,https://cdec.water.ca.gov/dynamicapp/staMeta?station_id=KLM,4097ft,KLAMATH RIVER,SISKIYOU,NORTH COAST,KLAMATH FALLS,42.250000°,-121.815000°,US Bureau of Reclamation,.None Specified
SJT,Upper San Joaquin R Total,null,San Joaquin River,617300,https://cdec.water.ca.gov/dynamicapp/staMeta?station_id=SJT,9999ft,SAN JOAQUIN RIVER,none specified,SAN JOAQUIN RIVER,,99.999000°,-999.999000°,.None Specified,.None Specified
USL,Upper San Leandro,Upper San Leandro Reservoir,Alameda Creek,37960,https://cdec.water.ca.gov/dynamicapp/staMeta?station_id=USL,477ft,ALAMEDA CREEK,ALAMEDA,SAN FRANCISCO BAY,OAKLAND,37.764400°,-122.101600°,East Bay Municipal Utility District,.None Specified
UTI,Utica,Utica Reservoir,NF Stanislaus River,2400,https://cdec.water.ca.gov/dynamicapp/staMeta?station_id=UTI,6819ft,STANISLAUS RIVER,ALPINE,SAN JOAQUIN RIVER,BIG MEADOW,38.440277°,-120.002220°,Northern California Power Agency,Northern California Power Agency
UVA,Uvas,Uvas Reservoir,Uvas Creek,9688,https://cdec.water.ca.gov/dynamicapp/staMeta?station_id=UVA,1357ft,PAJARO RIVER,SANTA CLARA,SAN FRANCISCO BAY,SAN MARTIN,37.067000°,-121.690000°,Santa Clara Valley Water District,Santa Clara Valley Water District
VIL,Vail,Vail Reservoir,Temecula Creek,51000,https://cdec.water.ca.gov/dynamicapp/staMeta?station_id=VIL,1470ft,SANTA MARGARITA RIVER,RIVERSIDE,SOUTH COAST,TEMECULA,33.496000°,-116.976000°,Rancho Calif Water District,Rancho Calif Water District
VAR,Van Arsdale,Van Arsdale Reservoir,Eel River,700,https://cdec.water.ca.gov/dynamicapp/staMeta?station_id=VAR,1494ft,EEL RIVER,MENDOCINO,NORTH COAST,POTTER VALLEY,39.383900°,-123.102500°,Pacific Gas & Electric,.None Specified
TAE,Vermilion Valley,Thomas A. Edison,S Fork San Joaquin River,125000,https://cdec.water.ca.gov/dynamicapp/staMeta?station_id=TAE,7642ft,SAN JOAQUIN RIVER,FRESNO,SAN JOAQUIN RIVER,BIG CREEK,37.370000°,-118.987000°,"Southern California Edison Company, Big Creek",.None Specified
EDS,Vermillion Valley,Thomas A. Edison Lake,S Fork San Joaquin River,125000,https://cdec.water.ca.gov/dynamicapp/staMeta?station_id=EDS,1775ft,SANTA ANA RIVER,SAN BERNARDINO,SOUTH COAST,RANCHO CUCAMONGA,34.158500°,-117.513800°,Center for Western Weather and Water Extremes,Center for Western Weather and Water Extremes
VLP,Villa Park,Villa Park Reservoir,Santiago Creek,15600,https://cdec.water.ca.gov/dynamicapp/staMeta?station_id=VLP,584ft,SANTA ANA RIVER,ORANGE,SOUTH COAST,ORANGE,33.815000°,-117.832000°,Orange County,.None Specified
WRS,Warm Springs,Lake Sonoma,Russian River,381000,https://cdec.water.ca.gov/dynamicapp/staMeta?station_id=WRS,440ft,RUSSIAN RIVER,SONOMA,NORTH COAST,GEYSERVILLE,38.723000°,-123.010000°,US Army Corps of Engineers,US Army Corps of Engineers
WHR,Whale Rock,Whale Rock Lake,Old Creek,38967,https://cdec.water.ca.gov/dynamicapp/staMeta?station_id=WHR,233ft,SALINAS RIVER,SAN LUIS OBISPO,CENTRAL COAST,CAYUCOS,35.450000°,-120.883000°,San Luis Obispo County,.None Specified
WHI,Whiskeytown,Whiskeytown Lake,Clear Creek,241100,https://cdec.water.ca.gov/dynamicapp/staMeta?station_id=WHI,1210ft,SACRAMENTO RIVER,SHASTA,SACRAMENTO RIVER,REDDING,40.598000°,-122.537000°,US Bureau of Reclamation,US Bureau of Reclamation
WSN,Wishon,Lake Wishon,Helms Creek,128300,https://cdec.water.ca.gov/dynamicapp/staMeta?station_id=WSN,6560ft,KINGS RIVER,FRESNO,TULARE LAKE,PIEDRA,37.005000°,-118.969000°,PG&E and Kings River Water Association,.None Specified
