supplier_name,display_name,pwsid,reporting_month,enacted_measures,no_local_shortage,no_resources,Weekly watering restrictions,Excessive irrigation of outdoor landscapes,Washing a motor vehicle with a hose not fitted with a shut-off nozzle,Application of potable water directly to driveways or sidewalks,Use of potable water in decorative water features,The application of water to irrigate turf and ornamental landscapes during and within 48 hours after measurable rainfall,Restrictions Other
East Bay Municipal Utilities District,East Bay Municipal Utilities District,CA0110005,2023-01-15,Yes,,,,Y,Y,Y,Y,Y,
Yorba Linda Water District,Yorba Linda Water District,CA3010037,2023-01-15,Yes,,,,Y,Y,Y,Y,Y,
Long Beach  City of,City of Long Beach,CA1910065,2023-01-15,Yes,,,Y,Y,Y,Y,Y,Y,
Turlock  City of,City of Turlock,CA5010019,2023-01-15,Yes,,,Y,Y,Y,Y,Y,Y,
Jurupa Community Service District,Jurupa Community Service District,CA3310021,2023-01-15,Yes,,,Y,Y,,,,Y,
Coastside County Water District,Coastside County Water District,CA4110011,2023-01-15,Yes,,,Y,Y,Y,Y,,Y,
Citrus Heights Water District,Citrus Heights Water District,CA3410006,2023-01-15,Yes,,,,Y,Y,Y,,Y,
Burlingame  City of,City of Burlingame,CA4110003,2023-01-15,Yes,,,Y,Y,Y,Y,Y,Y,Y
Orange Vale Water Company,Orange Vale Water Company,CA3410016,2023-01-15,Yes,,,Y,Y,,Y,,Y,
Dublin San Ramon Services District,Dublin San Ramon Services District,CA0110009,2023-01-15,Yes,,,Y,Y,Y,Y,Y,Y,
Los Angeles Department of Water and Power,Los Angeles Department of Water and Power,CA1910067,2023-01-15,Yes,,,Y,Y,Y,Y,Y,Y,
Camrosa Water District,Camrosa Water District,CA5610063,2023-01-15,Yes,,,Y,Y,Y,Y,Y,Y,
El Dorado Irrigation District,El Dorado Irrigation District,CA0910001,2023-01-15,Yes,,,,Y,Y,Y,Y,Y,
El Centro  City of,City of El Centro,CA1310004,2023-01-15,No,Y,,,,,,,,
Milpitas  City of,City of Milpitas,CA4310005,2023-01-15,Yes,,,Y,Y,Y,Y,Y,Y,
Santa Rosa  City of,City of Santa Rosa,CA4910009,2023-01-15,Yes,,,Y,Y,Y,Y,,Y,
Westminster  City of,City of Westminster,CA3010064,2023-01-15,Yes,,,Y,Y,Y,Y,Y,Y,
Mid-Peninsula Water District,Mid-Peninsula Water District,CA4110001,2023-01-15,Yes,,,Y,Y,Y,Y,Y,Y,
Olivenhain Municipal Water District,Olivenhain Municipal Water District,CA3710029,2023-01-15,Yes,,,,Y,Y,Y,Y,Y,
Daly City  City of,City of Daly City,CA4110013,2023-01-15,Yes,,,Y,Y,Y,,,,
Anaheim  City of,City of Anaheim,CA3010001,2023-01-15,Yes,,,Y,Y,Y,Y,Y,Y,
Elsinore Valley Municipal Water District,Elsinore Valley Municipal Water District,"CA3310012,CA3310046",2023-01-15,Yes,,,Y,Y,Y,Y,Y,Y,
Coachella Valley Water District,Coachella Valley Water District,"CA3310001,CA1310011,CA3310048",2023-01-15,Yes,,,Y,Y,Y,Y,Y,Y,
Lake Hemet Municipal Water District,Lake Hemet Municipal Water District,CA3310022,2023-01-15,Yes,,,Y,Y,Y,Y,Y,Y,
Carmichael Water District,Carmichael Water District,CA3410004,2023-01-15,Yes,,,Y,Y,Y,Y,Y,Y,
Monte Vista Water District,Monte Vista Water District,CA3610029,2023-01-15,Yes,,,Y,Y,Y,Y,Y,Y,Y
Pleasanton  City of,City of Pleasanton,CA0110008,2023-01-15,Yes,,,Y,Y,Y,Y,Y,Y,
Santa Monica  City of,City of Santa Monica,CA1910146,2023-01-15,Yes,,,Y,,,,,,
Riverside  City of,City of Riverside,CA3310031,2023-01-15,Yes,,,,Y,Y,Y,Y,Y,
Contra Costa Water District,Contra Costa Water District,CA0710003,2023-01-15,Yes,,,Y,Y,Y,Y,,Y,Y
California Water Service Company Antelope Valley,California Water Service Company Antelope Valley,"CA1500333,CA1910242,CA1910010,CA1910243",2023-01-15,Yes,,,Y,Y,Y,Y,Y,Y,
Irvine Ranch Water District,Irvine Ranch Water District,CA3010092,2023-01-15,Yes,,,,Y,Y,Y,Y,Y,
Watsonville  City of,City of Watsonville,CA4410011,2023-01-15,Yes,,,,,,,,,
San Jose  City of,City of San Jose,"CA4310019,CA4310020",2023-01-15,Yes,,,Y,Y,Y,Y,,,
Casitas Municipal Water District,Casitas Municipal Water District,"CA5610024,CA5610014",2023-01-15,Yes,,,Y,Y,Y,Y,Y,Y,
Sacramento Suburban Water District,Sacramento Suburban Water District,CA3410001,2023-01-15,Yes,,,Y,Y,Y,Y,Y,Y,
San Jose Water Company,San Jose Water Company,"CA4310011,CA4310018",2023-01-15,Yes,,,Y,Y,Y,Y,Y,Y,
Rowland Water District,Rowland Water District,CA1910194,2023-01-15,Yes,,,Y,Y,Y,,,,
Folsom  City of,City of Folsom,"CA3410014,CA3410030",2023-01-15,Yes,,,Y,Y,Y,Y,,Y,
Chino  City of,City of Chino,CA3610012,2023-01-15,Yes,,,Y,Y,Y,Y,Y,Y,
South Tahoe Public Utilities District,South Tahoe Public Utilities District,CA0910002,2023-01-15,Yes,,,Y,Y,Y,Y,,Y,
Hi-Desert Water District,Hi-Desert Water District,CA3610073,2023-01-15,Yes,,,Y,Y,Y,Y,Y,,
"Soledad, City of",City of Soledad,CA2710011,2023-01-15,Yes,,,Y,Y,Y,Y,,Y,
North Marin Water District,North Marin Water District,CA2110003,2023-01-15,Yes,,,Y,Y,Y,Y,Y,Y,Y
Marin Municipal Water District,Marin Municipal Water District,CA2110002,2023-01-15,Yes,,,Y,Y,Y,Y,,Y,
Shafter  City of,City of Shafter,CA1510019,2023-01-15,Yes,,,Y,Y,Y,Y,Y,Y,
"Windsor, Town of",Town of Windsor,CA4910017,2023-01-15,Yes,,,Y,Y,Y,Y,Y,Y,
Indian Wells Valley Water District,Indian Wells Valley Water District,CA1510017,2023-01-15,Yes,,,Y,Y,Y,Y,Y,Y,
San Francisco Public Utilities Commission,San Francisco Public Utilities Commission,"CA3810011,CA0110012,CA0110018",2023-01-15,Yes,,,,Y,Y,Y,Y,Y,
Brawley  City of,City of Brawley,CA1310001,2023-01-15,Yes,,,,Y,Y,Y,Y,,
Ontario  City of,City of Ontario,CA3610034,2023-01-15,Yes,,,Y,Y,Y,Y,Y,Y,
Huntington Beach  City of,City of Huntington Beach,CA3010053,2023-01-15,Yes,,,Y,Y,Y,Y,,Y,
Calaveras County Water District,Calaveras County Water District,"CA0510004,CA0510005,CA0510006,CA0510016,CA0510017,CA0510019",2023-01-15,No,Y,,,,,,,,
Humboldt Bay Municipal Water District,Humboldt Bay Municipal Water District,CA1210013,2023-01-15,No,Y,,,,,,,,
Santa Maria  City of,City of Santa Maria,CA4210011,2023-01-15,Yes,,,Y,Y,Y,Y,Y,Y,
Yuba City  City of,City of Yuba City,CA5110002,2023-01-15,Yes,,,,,,,,,
Escondido  City of,City of Escondido,CA3710006,2023-01-15,Yes,,,Y,Y,,,,Y,
Los Angeles County Public Works Waterworks District 29,Los Angeles County Public Works Waterworks District 29,CA1910204,2023-01-15,Yes,,,Y,Y,Y,Y,Y,Y,
Placer County Water Agency,Placer County Water Agency,"CA3110005,CA3110025,CA3110006,CA3110024,CA3110040,CA3110050,CA3110124",2023-01-15,Yes,,,,Y,Y,Y,,Y,
Corona  City of,City of Corona,CA3310037,2023-01-15,Yes,,,Y,Y,Y,Y,Y,Y,
Burbank  City of,City of Burbank,CA1910179,2023-01-15,Yes,,,Y,,Y,Y,Y,Y,
Camarillo  City of,City of Camarillo,CA5610019,2023-01-15,Yes,,,Y,Y,Y,Y,Y,Y,
Roseville  City of,City of Roseville,CA3110008,2023-01-15,Yes,,,Y,Y,,,,,
Vista Irrigation District,Vista Irrigation District,CA3710027,2023-01-15,Yes,,,Y,Y,Y,Y,Y,Y,Y
West Valley Water District,West Valley Water District,CA3610004,2023-01-15,Yes,,,Y,Y,Y,Y,Y,Y,
Napa  City of,City of Napa,CA2810003,2023-01-15,Yes,,,Y,Y,Y,Y,Y,Y,
Mission Springs Water District,Mission Springs Water District,"CA3310008,CA3310078,CA3310081",2023-01-15,Yes,,,Y,Y,Y,Y,Y,Y,
Los Angeles County Public Works Waterworks District 40,Los Angeles County Public Works Waterworks District 40,"CA1910005,CA1910070,CA1910203,CA1910025,CA1910027",2023-01-15,Yes,,,Y,Y,Y,Y,Y,Y,
Nevada Irrigation District,Nevada Irrigation District,"CA2910004,CA2910023,CA2910006,CA2910014,CA3110026,CA5810005",2023-01-15,Yes,,,Y,Y,Y,Y,Y,Y,
Alameda County Water District,Alameda County Water District,CA0110001,2023-01-15,Yes,,,Y,Y,Y,Y,Y,Y,
Hawthorne  City of,City of Hawthorne,CA1910047,2023-01-15,Yes,,,Y,Y,Y,Y,Y,Y,
Nipomo Community Services District,Nipomo Community Services District,CA4010026,2023-01-15,No,Y,,,,,,,,
Rancho California Water District,Rancho California Water District,CA3310038,2023-01-15,Yes,,,Y,Y,Y,Y,Y,Y,
Rainbow Municipal Water District,Rainbow Municipal Water District,CA3710016,2023-01-15,Yes,,,,,,,,,
Oceanside  City of,City of Oceanside,CA3710014,2023-01-15,Yes,,,Y,Y,Y,Y,Y,Y,
Western Municipal Water District of Riverside,Western Municipal Water District of Riverside,"CA3310049,CA3310076,CA3310036",2023-01-15,Yes,,,,Y,Y,Y,,Y,
Tahoe City Public Utilities District,Tahoe City Public Utilities District,"CA0910012,CA3110010,CA3110011,CA3110044",2023-01-15,Yes,,,Y,Y,Y,Y,Y,Y,
Lompoc  City of,City of Lompoc,CA4210006,2023-01-15,Yes,,,Y,Y,Y,Y,Y,Y,
California Water Service Company Bakersfield,California Water Service Company Bakersfield,"CA1510003,CA1510055",2023-01-15,Yes,,,Y,Y,Y,Y,Y,Y,
Amador Water Agency,Amador Water Agency,"CA0310002,CA0310019,CA0310012,CA0310021,CA0310003",2023-01-15,Yes,,,Y,Y,Y,Y,Y,Y,
California Water Service Company Oroville,California Water Service Company Oroville,CA0410005,2023-01-15,Yes,,,Y,Y,Y,Y,Y,Y,
Trabuco Canyon Water District,Trabuco Canyon Water District,CA3010094,2023-01-15,Yes,,,,Y,Y,Y,,Y,
Otay Water District,Otay Water District,CA3710034,2023-01-15,Yes,,,Y,Y,Y,Y,Y,Y,
Truckee-Donner Public Utilities District,Truckee-Donner Public Utilities District,CA2910003,2023-01-15,Yes,,,,,,,,,
"Modesto, City of",City of Modesto,"CA5010010,CA5010005",2023-01-15,Yes,,,Y,Y,Y,,,Y,
Joshua Basin Water District,Joshua Basin Water District,CA3610025,2023-01-15,Yes,,,Y,,,,,,
Santa Barbara  City of,City of Santa Barbara,CA4210010,2023-01-15,Yes,,,Y,Y,Y,Y,,Y,
Tuolumne Utilities District,Tuolumne Utilities District,"CA5510001,CA5510012,CA5500363,CA5510002,CA5510003,CA5510013,CA5510015,CA5510021,CA5510025,CA5510028,CA5510033",2023-01-15,Yes,,,Y,Y,,,,,
Sacramento County Water Agency,Sacramento County Water Agency,"CA3410002,CA3410029,CA3410704,CA3400101,CA3400106,CA3400156,CA3400173,CA3400473",2023-01-15,Yes,,,Y,Y,Y,Y,,Y,
San Buenaventura  City of,City of San Buenaventura,CA5610017,2023-01-15,Yes,,,,Y,Y,Y,Y,Y,Y
Elk Grove Water Service,Elk Grove Water Service,CA3410008,2023-01-15,No,Y,,,,,,,,
California Water Service Company East Los Angeles,California Water Service Company East Los Angeles,CA1910036,2023-01-15,Yes,,,Y,Y,Y,Y,Y,Y,
Exeter  City of,City of Exeter,CA5410003,2023-01-15,Yes,,,Y,Y,Y,Y,Y,,
"Rio Vista, city of",City of Rio Vista,CA4810004,2023-01-15,Yes,,,Y,Y,Y,Y,,,
Sweetwater Springs Water District,Sweetwater Springs Water District,"CA4910004,CA4910028",2023-01-15,Yes,,,,,,,,,
California Water Service Company Visalia,California Water Service Company Visalia,"CA5410016,CA5400935,CA5410041",2023-01-15,Yes,,,Y,Y,Y,Y,Y,Y,
California Water Service Company Selma,California Water Service Company Selma,CA1010024,2023-01-15,Yes,,,Y,Y,Y,Y,Y,Y,
California Water Service Company Chico District,California Water Service Company Chico District,"CA0410002,CA1110002",2023-01-15,Yes,,,Y,Y,Y,Y,Y,Y,
Soquel Creek Water District,Soquel Creek Water District,CA4410017,2023-01-15,Yes,,,Y,Y,Y,Y,Y,Y,
East Valley Water District,East Valley Water District,CA3610064,2023-01-15,Yes,,,Y,Y,Y,Y,Y,Y,
California Water Service Company Bear Gulch,California Water Service Company Bear Gulch,CA4110006,2023-01-15,Yes,,,Y,Y,Y,Y,Y,Y,
Buena Park  City of,City of Buena Park,CA3010003,2023-01-15,Yes,,,Y,Y,Y,Y,,Y,
South Gate  City of,City of South Gate,CA1910152,2023-01-15,Yes,,,Y,Y,Y,Y,Y,Y,
Hillsborough  Town of,Town of Hillsborough,CA4110016,2023-01-15,Yes,,,,Y,Y,Y,Y,Y,
"California Water Service Company Dixon, City of",City of California Water Service Company Dixon,CA4810002,2023-01-15,Yes,,,Y,Y,Y,Y,Y,Y,
Redlands  City of,City of Redlands,CA3610037,2023-01-15,Yes,,,Y,Y,Y,Y,,Y,
San Juan Water District,San Juan Water District,CA3410021,2023-01-15,Yes,,,,Y,Y,Y,,,
California Water Service Company Dominguez,California Water Service Company Dominguez,CA1910033,2023-01-15,Yes,,,Y,Y,Y,Y,Y,Y,
California Water Service Company Hermosa/Redondo,California Water Service Company Hermosa/Redondo,CA1910134,2023-01-15,Yes,,,Y,Y,Y,Y,Y,Y,
California Water Service Company King City,California Water Service Company King City,CA2710009,2023-01-15,Yes,,,Y,Y,Y,Y,Y,Y,
San Bernardino  City of,City of San Bernardino,CA3610039,2023-01-15,Yes,,,Y,Y,Y,Y,Y,Y,
Sacramento  City of,City of Sacramento,CA3410020,2023-01-15,Yes,,,Y,Y,Y,Y,,Y,
California Water Service Company Kern River Valley,California Water Service Company Kern River Valley,"CA1510033,CA1500407,CA1510026,CA1510039,CA1510043,CA1510056,CA1510049",2023-01-15,Yes,,,Y,Y,Y,Y,Y,Y,
California Water Service Company Los Altos/Suburban,California Water Service Company Los Altos/Suburban,CA4310001,2023-01-15,Yes,,,Y,Y,Y,Y,Y,Y,
California Water Service Company Livermore,California Water Service Company Livermore,CA0110003,2023-01-15,Yes,,,Y,Y,Y,Y,Y,Y,
Paso Robles  City of,City of Paso Robles,CA4010007,2023-01-15,Yes,,,Y,Y,Y,Y,,Y,Y
Pismo Beach  City of,City of Pismo Beach,CA4010008,2023-01-15,Yes,,,Y,Y,Y,Y,Y,Y,
California Water Service Company Marysville,California Water Service Company Marysville,CA5810001,2023-01-15,Yes,,,Y,Y,Y,Y,Y,Y,
Madera  City of,City of Madera,CA2010002,2023-01-15,No,Y,,,,,,,,
Hemet  City of,City of Hemet,CA3310016,2023-01-15,Yes,,,Y,Y,Y,Y,,Y,
California Water Service Company Mid Peninsula,California Water Service Company Mid Peninsula,"CA4110007,CA4110008",2023-01-15,Yes,,,Y,Y,Y,Y,Y,Y,
California Water Service Company Palos Verdes,California Water Service Company Palos Verdes,CA1910104,2023-01-15,Yes,,,Y,Y,Y,Y,Y,Y,
California Water Service Company Redwood Valley,California Water Service Company Redwood Valley,"CA1710005,CA4910018,CA2110007,CA4900546,CA4900785,CA4900514",2023-01-15,Yes,,,Y,Y,Y,Y,Y,Y,
Brea  City of,City of Brea,CA3010002,2023-01-15,Yes,,,Y,Y,Y,Y,,Y,
California Water Service Company Salinas District,California Water Service Company Salinas District,"CA2710010,CA2710013,CA2710019,CA2710012,CA2701929",2023-01-15,Yes,,,Y,Y,Y,Y,Y,Y,
California Water Service Company South San Francisco,California Water Service Company South San Francisco,CA4110009,2023-01-15,Yes,,,Y,Y,Y,Y,Y,Y,
"Tulare, City of",City of Tulare,CA5410015,2023-01-15,Yes,,,Y,Y,Y,Y,Y,Y,
California Water Service Company Stockton,California Water Service Company Stockton,CA3910001,2023-01-15,Yes,,,Y,Y,Y,Y,Y,Y,
California Water Service Company Willows,California Water Service Company Willows,CA1110003,2023-01-15,Yes,,,Y,Y,Y,Y,Y,Y,
California Water Service Company Westlake,California Water Service Company Westlake,CA5610016,2023-01-15,Yes,,,Y,Y,Y,Y,Y,Y,
"East Palo Alto, City of",City of East Palo Alto,CA4110024,2023-01-15,Yes,,,Y,,,,,,
Westborough Water District,Westborough Water District,CA4110027,2023-01-15,Yes,,,Y,Y,Y,Y,Y,Y,
Woodland  City of,City of Woodland,CA5710006,2023-01-15,Yes,,,Y,Y,Y,Y,,Y,
Mammoth Community Water District,Mammoth Community Water District,CA2610001,2023-01-15,Yes,,,Y,Y,Y,Y,,Y,
Antioch  City of,City of Antioch,CA0710001,2023-01-15,Yes,,,Y,Y,Y,Y,Y,Y,Y
Triunfo Sanitation District / Oak Park Water Service,Triunfo Sanitation District / Oak Park Water Service,CA5610043,2023-01-15,Yes,,,Y,Y,Y,Y,Y,Y,
Vallecitos Water District,Vallecitos Water District,CA3710002,2023-01-15,Yes,,,Y,Y,Y,Y,,Y,
Indio  City of,City of Indio,CA3310020,2023-01-15,Yes,,,Y,Y,Y,Y,Y,Y,Y
Sunnyvale  City of,City of Sunnyvale,CA4310014,2023-01-15,Yes,,,Y,Y,Y,Y,Y,Y,
Santa Cruz  City of,City of Santa Cruz,CA4410010,2023-01-15,No,Y,,,,,,,,
Fortuna  City of,City of Fortuna,CA1210006,2023-01-15,Yes,,,Y,Y,Y,Y,Y,,
Clovis  City of,City of Clovis,CA1010003,2023-01-15,Yes,,,Y,Y,,Y,,,
East Niles Community Service District,East Niles Community Service District,CA1510006,2023-01-15,Yes,,,,Y,Y,Y,Y,Y,
Loma Linda  City of *,City of Loma Linda,CA3610013,2023-01-15,No,Y,,,,,,,,
Eastern Municipal Water District,Eastern Municipal Water District,CA3310009,2023-01-15,Yes,,,Y,Y,Y,Y,,Y,
El Monte  City of,City of El Monte,CA1910038,2023-01-15,Yes,,,Y,Y,Y,Y,Y,,
Marina Coast Water District,Marina Coast Water District,CA2710017,2023-01-15,Yes,,,,Y,Y,Y,Y,Y,
Vacaville  City of,City of Vacaville,CA4810008,2023-01-15,Yes,,,Y,Y,Y,Y,Y,Y,
San Bruno  City of,City of San Bruno,CA4110023,2023-01-15,Yes,,,Y,Y,Y,Y,Y,Y,Y
Oildale Mutual Water Company,Oildale Mutual Water Company,CA1510015,2023-01-15,Yes,,,Y,Y,Y,Y,,Y,
Livermore  City of Division of Water Resources,City of Livermore  Division of Water Resources,CA0110011,2023-01-15,Yes,,,Y,Y,Y,Y,Y,Y,
Gilroy  City of,City of Gilroy,CA4310004,2023-01-15,Yes,,,Y,Y,Y,Y,Y,Y,
Crescenta Valley Water District,Crescenta Valley Water District,CA1910028,2023-01-15,No,,,,,,,,,
Downey  City of,City of Downey,CA1910034,2023-01-15,Yes,,,Y,Y,Y,Y,,Y,
San Gabriel Valley Water Company,San Gabriel Valley Water Company,"CA1910039,CA1910189",2023-01-15,Yes,,,,Y,Y,Y,Y,Y,
Santa Clara  City of,City of Santa Clara,CA4310012,2023-01-15,Yes,,,Y,Y,Y,Y,Y,Y,
Paradise Irrigation District,Paradise Irrigation District,CA0410007,2023-01-15,Yes,,,,Y,Y,Y,,,
Scotts Valley Water District,Scotts Valley Water District,CA4410013,2023-01-15,Yes,,,Y,Y,Y,Y,,Y,
Lincoln  City of,City of Lincoln,CA3110004,2023-01-15,Yes,,,Y,Y,Y,Y,Y,Y,
Vaughn Water Company,Vaughn Water Company,CA1510029,2023-01-15,Yes,,,Y,,,,,,
McKinleyville Community Service District,McKinleyville Community Service District,CA1210016,2023-01-15,No,Y,,,,,,,,
Cambria Community Services District,Cambria Community Services District,CA4010014,2023-01-15,No,Y,,,,,,,,
Montebello Land and Water Company,Montebello Land and Water Company,CA1910091,2023-01-15,Yes,,,Y,Y,Y,Y,Y,Y,
Valley of the Moon Water District,Valley of the Moon Water District,CA4910013,2023-01-15,Yes,,,Y,Y,,Y,Y,Y,
Bellflower-Somerset Mutual Water Company,Bellflower-Somerset Mutual Water Company,CA1910013,2023-01-15,Yes,,,Y,Y,Y,Y,,Y,
Port Hueneme  City of,City of Port Hueneme,CA5610009,2023-01-15,Yes,,,Y,Y,Y,Y,,Y,
Petaluma  City of,City of Petaluma,CA4910006,2023-01-15,Yes,,,Y,Y,Y,Y,Y,Y,
Eureka  City of,City of Eureka,CA1210004,2023-01-15,No,Y,,,,,,,,
Diablo Water District,Diablo Water District,CA0710007,2023-01-15,Yes,,,Y,Y,Y,Y,Y,Y,
El Toro Water District,El Toro Water District,CA3010079,2023-01-15,Yes,,,Y,Y,Y,Y,Y,Y,
Brentwood  City of,City of Brentwood,CA0710004,2023-01-15,Yes,,,Y,Y,Y,Y,Y,Y,
Fountain Valley  City of,City of Fountain Valley,CA3010069,2023-01-15,No,Y,,,,,,,,
Patterson  City of,City of Patterson,CA5010017,2023-01-15,Yes,,,Y,Y,Y,Y,Y,Y,
Garden Grove  City of,City of Garden Grove,CA3010062,2023-01-15,Yes,,,Y,Y,Y,Y,Y,Y,
Merced  City of,City of Merced,CA2410009,2023-01-15,Yes,,,Y,Y,Y,Y,Y,Y,
San Gabriel Valley Fontana Water Company,San Gabriel Valley Fontana Water Company,CA3610041,2023-01-15,Yes,,,Y,Y,Y,Y,Y,Y,
Moulton Niguel Water District,Moulton Niguel Water District,CA3010073,2023-01-15,Yes,,,,Y,Y,Y,Y,Y,
Oxnard  City of,City of Oxnard,CA5610007,2023-01-15,Yes,,,Y,Y,Y,Y,Y,Y,
"Tehachapi, City of",City of Tehachapi,CA1510020,2023-01-15,Yes,,,Y,,Y,Y,Y,Y,
La Habra  City of Public Works,City of La Habra  Public Works,CA3010018,2023-01-15,Yes,,,Y,Y,Y,Y,Y,Y,
Lake Arrowhead Community Services District,Lake Arrowhead Community Services District,CA3610005,2023-01-15,Yes,,,Y,Y,Y,Y,Y,Y,
"City of Big Bear Lake, Dept of Water & Power","City of Big Bear Lake, Dept. of Water & Power","CA3610044,CA3610022,CA3600283,CA3600395",2023-01-15,Yes,,,Y,Y,Y,Y,Y,Y,
Cerritos  City of,City of Cerritos,CA1910019,2023-01-15,Yes,,,Y,Y,Y,Y,Y,Y,
Hollister  City of,City of Hollister,CA3510001,2023-01-15,Yes,,,Y,Y,Y,Y,Y,Y,
Sunnyslope County Water District,Sunnyslope County Water District,CA3510003,2023-01-15,Yes,,,Y,Y,Y,Y,Y,Y,
Laguna Beach County Water District,Laguna Beach County Water District,CA3010017,2023-01-15,Yes,,,Y,Y,Y,Y,Y,Y,
California-American Water Company Los Angeles District,California-American Water Company Los Angeles District,"CA1910052,CA1910186,CA1910139",2023-01-15,Yes,,,Y,Y,Y,Y,Y,Y,
California-American Water Company San Diego District,California-American Water Company San Diego District,CA3710001,2023-01-15,Yes,,,Y,Y,Y,Y,Y,Y,
California-American Water Ventura District,California-American Water Ventura District,"CA5610040,CA5610081",2023-01-15,Yes,,,Y,Y,Y,Y,Y,Y,
Stockton  City of,City of Stockton,CA3910012,2023-01-15,Yes,,,Y,Y,Y,Y,Y,Y,
Lincoln Avenue Water Company,Lincoln Avenue Water Company,CA1910063,2023-01-15,Yes,,,Y,Y,Y,Y,Y,Y,
Whittier  City of,City of Whittier,CA1910173,2023-01-15,Yes,,,Y,Y,Y,,Y,Y,
San Luis Obispo  City of,City of San Luis Obispo,CA4010009,2023-01-15,Yes,,,Y,Y,Y,Y,Y,Y,
"Kerman, City of",City of Kerman,CA1010018,2023-01-15,Yes,,,Y,Y,Y,Y,Y,Y,Y
La Palma  City of,City of La Palma,CA3010100,2023-01-15,No,Y,,,,,,,,
Santa Margarita Water District,Santa Margarita Water District,CA3010101,2023-01-15,Yes,,,Y,Y,Y,Y,Y,,
Mesa Water District,Mesa Water District,CA3010004,2023-01-15,Yes,,,Y,Y,Y,Y,Y,Y,Y
California-American Water Company Monterey District,California-American Water Company Monterey District,"CA2710004,CA2701466,CA2701882,CA2710022",2023-01-15,Yes,,,Y,Y,Y,Y,Y,Y,
Arroyo Grande  City of,City of Arroyo Grande,CA4010001,2023-01-15,Yes,,,Y,Y,Y,Y,,,
Davis  City of,City of Davis,CA5710001,2023-01-15,Yes,,,Y,Y,Y,Y,Y,Y,
Linda County Water District,Linda County Water District,CA5810002,2023-01-15,No,Y,,,,,,,,
Ceres  City of,City of Ceres,CA5010028,2023-01-15,No,Y,,,,,,,,
Newport Beach  City of,City of Newport Beach,CA3010023,2023-01-15,Yes,,,Y,Y,Y,Y,,Y,
Ventura County Waterworks District No. 8,Ventura County Waterworks District No. 8,CA5610023,2023-01-15,Yes,,,Y,Y,Y,Y,Y,Y,Y
Arcata  City of,City of Arcata,CA1210001,2023-01-15,No,Y,,,,,,,,
Crescent City  City of,City of Crescent City,"CA0810001,CA0810003",2023-01-15,Yes,,,,,,,,,
Crestline Village Water District,Crestline Village Water District,CA3610015,2023-01-15,No,Y,,,,,,,,
South Coast Water District,South Coast Water District,CA3010042,2023-01-15,Yes,,,Y,Y,Y,Y,Y,Y,
Bakman Water Company,Bakman Water Company,CA1010001,2023-01-15,Yes,,,Y,Y,Y,Y,Y,Y,
Orange  City of,City of Orange,CA3010027,2023-01-15,Yes,,,Y,Y,Y,Y,Y,Y,
Fair Oaks Water District,Fair Oaks Water District,CA3410009,2023-01-15,Yes,,,,Y,Y,Y,,Y,Y
Tustin  City of,City of Tustin,CA3010046,2023-01-15,Yes,,,Y,Y,Y,Y,,Y,
Goleta Water District,Goleta Water District,CA4210004,2023-01-15,Yes,,,,Y,Y,Y,Y,Y,Y
Adelanto City of,City of Adelanto,CA3610001,2023-01-15,Yes,,,,,,,,,
Seal Beach  City of,City of Seal Beach,CA3010041,2023-01-15,Yes,,,Y,Y,Y,Y,,,
San Clemente  City of,City of San Clemente,CA3010036,2023-01-15,Yes,,,Y,,,,,,
Azusa  City of,City of Azusa,CA1910007,2023-01-15,Yes,,,Y,Y,Y,,,Y,
Alhambra  City of,City of Alhambra,CA1910001,2023-01-15,No,Y,,,,,,,,
Apple Valley Ranchos Water Company,Apple Valley Ranchos Water Company,"CA3610003,CA3600010",2023-01-15,Yes,,,Y,Y,Y,Y,Y,Y,
Thousand Oaks  City of,City of Thousand Oaks,CA5610020,2023-01-15,Yes,,,Y,Y,Y,Y,Y,Y,Y
Beverly Hills  City of,City of Beverly Hills,CA1910156,2023-01-15,Yes,,,Y,Y,Y,Y,Y,Y,
Victorville Water District,Victorville Water District,CA3610052,2023-01-15,Yes,,,Y,Y,Y,Y,Y,Y,
Pomona  City of,City of Pomona,CA1910126,2023-01-15,Yes,,,Y,Y,Y,Y,Y,Y,
Walnut Valley Water District,Walnut Valley Water District,CA1910234,2023-01-15,Yes,,,Y,Y,Y,Y,Y,Y,
California-American Water Company Sacramento District,California-American Water Company Sacramento District,"CA3410031,CA3410010,CA3410017,CA3410013,CA3110150,CA3410027,CA3410045,CA3410047,CA3410012",2023-01-15,Yes,,,Y,Y,Y,Y,Y,Y,
Ventura County Waterworks District No 1,Ventura County Waterworks District No 1,CA5610018,2023-01-15,Yes,,,Y,Y,Y,Y,Y,Y,
Great Oaks Water Company Incorporated,Great Oaks Water Company Incorporated,CA4310022,2023-01-15,Yes,,,Y,Y,Y,,Y,Y,
Carlsbad Municipal Water District,Carlsbad Municipal Water District,CA3710005,2023-01-15,Yes,,,Y,Y,Y,Y,Y,Y,
Golden State Water Company Placentia,Golden State Water Company Placentia,CA3010035,2023-01-15,Yes,,,Y,Y,Y,Y,Y,Y,
Huntington Park  City of,City of Huntington Park,CA1910049,2023-01-15,No,Y,,,,,,,,
Helix Water District,Helix Water District,CA3710010,2023-01-15,Yes,,,Y,Y,Y,Y,Y,Y,
Manhattan Beach  City of,City of Manhattan Beach,CA1910083,2023-01-15,Yes,,,,,,,,,
Lakeside Water District,Lakeside Water District,CA3710013,2023-01-15,Yes,,,,Y,Y,Y,,,
Carpinteria Valley Water District,Carpinteria Valley Water District,CA4210001,2023-01-15,Yes,,,Y,Y,Y,Y,,,Y
Lakewood  City of,City of Lakewood,CA1910239,2023-01-15,Yes,,,Y,Y,Y,Y,Y,Y,
Lynwood  City of,City of Lynwood,CA1910079,2023-01-15,No,Y,Y,,,,,,,
Las Virgenes Municipal Water District,Las Virgenes Municipal Water District,CA1910225,2023-01-15,Yes,,,Y,Y,Y,Y,,Y,
Chino Hills  City of,City of Chino Hills,CA3610036,2023-01-15,Yes,,,Y,Y,Y,Y,,Y,
Lodi  City of Public Works Department,City of Lodi  Public Works Department,CA3910004,2023-01-15,Yes,,,Y,Y,Y,Y,,Y,
Golden State Water Company S Arcadia,Golden State Water Company S Arcadia,CA1910212,2023-01-15,Yes,,,Y,Y,Y,Y,Y,Y,
Golden State Water Company San Dimas,Golden State Water Company San Dimas,CA1910142,2023-01-15,Yes,,,Y,Y,Y,Y,Y,Y,
Monrovia  City of,City of Monrovia,CA1910090,2023-01-15,Yes,,,Y,,,,,,
North Coast County Water District,North Coast County Water District,CA4110025,2023-01-15,Yes,,,,Y,Y,Y,,Y,Y
North Tahoe Public Utility District,North Tahoe Public Utility District,"CA3110001,CA3110036,CA3110023",2023-01-15,Yes,,,Y,Y,Y,Y,Y,Y,
San Dieguito Water District,San Dieguito Water District,CA3710021,2023-01-15,Yes,,,Y,Y,Y,Y,Y,Y,Y
Palmdale Water District,Palmdale Water District,CA1910102,2023-01-15,Yes,,,Y,Y,Y,Y,Y,Y,
Twentynine Palms Water District,Twentynine Palms Water District,CA3610049,2023-01-15,Yes,,,Y,Y,Y,,,Y,
Orchard Dale Water District,Orchard Dale Water District,CA1910101,2023-01-15,Yes,,,Y,Y,Y,Y,,Y,
Phelan Pinon Hills Community Services District,Phelan Pinon Hills Community Services District,CA3610120,2023-01-15,Yes,,,Y,Y,Y,Y,,,
Rubidoux Community Service District,Rubidoux Community Service District,CA3310044,2023-01-15,Yes,,,,,,,,,
Quartz Hill Water District,Quartz Hill Water District,CA1910130,2023-01-15,Yes,,,Y,Y,Y,Y,,Y,
Pico Rivera  City of,City of Pico Rivera,CA1910042,2023-01-15,Yes,,,,,,,,,Y
Rincon Del Diablo Municipal Water District,Rincon Del Diablo Municipal Water District,"CA3710018,CA3710044",2023-01-15,Yes,,,Y,Y,Y,Y,Y,Y,
San Fernando  City of,City of San Fernando,CA1910143,2023-01-15,Yes,,,Y,,,,,,
Rubio Canyon Land and Water Association,Rubio Canyon Land and Water Association,CA1910140,2023-01-15,Yes,,,Y,Y,,,,,
Santa Fe Springs  City of,City of Santa Fe Springs,CA1910245,2023-01-15,Yes,,,Y,Y,Y,Y,Y,Y,
San Bernardino County Service Area 64,San Bernardino County Service Area 64,CA3610121,2023-01-15,No,Y,,,,,,,,
San Gabriel County Water District,San Gabriel County Water District,CA1910144,2023-01-15,Yes,,,Y,,,Y,Y,Y,
Santa Ana  City of,City of Santa Ana,CA3010038,2023-01-15,Yes,,,Y,Y,Y,Y,Y,Y,
San Juan Capistrano  City of,City of San Juan Capistrano,CA3010030,2023-01-15,Yes,,,Y,Y,Y,Y,Y,,
Sonoma  City of,City of Sonoma,CA4910012,2023-01-15,Yes,,,Y,Y,Y,Y,Y,Y,Y
Sweetwater Authority,Sweetwater Authority,CA3710025,2023-01-15,Yes,,,Y,Y,Y,Y,Y,Y,
Suburban Water Systems San Jose Hills,Suburban Water Systems San Jose Hills,"CA1910205,CA1910046,CA1910200",2023-01-15,Yes,,,Y,Y,Y,Y,Y,Y,
Arcadia  City of,City of Arcadia,CA1910003,2023-01-15,Yes,,,Y,Y,Y,Y,,,
Suburban Water Systems Whittier/La Mirada,Suburban Water Systems Whittier/La Mirada,"CA1910059,CA1910174",2023-01-15,Yes,,,Y,Y,Y,Y,Y,Y,
Golden State Water Company Artesia,Golden State Water Company Artesia,CA1910004,2023-01-15,Yes,,,Y,Y,Y,Y,Y,Y,
Golden State Water Company Claremont,Golden State Water Company Claremont,CA1910024,2023-01-15,Yes,,,Y,Y,Y,Y,Y,Y,
Golden State Water Company Bell-Bell Gardens,Golden State Water Company Bell-Bell Gardens,CA1910011,2023-01-15,Yes,,,Y,Y,Y,Y,Y,Y,
Golden State Water Company Florence Graham,Golden State Water Company Florence Graham,CA1910077,2023-01-15,Yes,,,Y,Y,Y,Y,Y,Y,
Golden State Water Company Barstow,Golden State Water Company Barstow,CA3610043,2023-01-15,Yes,,,Y,Y,Y,Y,Y,Y,
Golden State Water Company Norwalk,Golden State Water Company Norwalk,CA1910098,2023-01-15,Yes,,,Y,Y,Y,Y,Y,Y,
Upland  City of,City of Upland,CA3610050,2023-01-15,Yes,,,Y,Y,Y,Y,Y,Y,
Golden State Water Company Simi Valley,Golden State Water Company Simi Valley,CA5610059,2023-01-15,Yes,,,Y,Y,Y,Y,Y,Y,
Golden State Water Company Southwest,Golden State Water Company Southwest,CA1910155,2023-01-15,Yes,,,Y,Y,Y,Y,Y,Y,
Golden State Water Company West Orange,Golden State Water Company West Orange,CA3010022,2023-01-15,Yes,,,Y,Y,Y,Y,Y,Y,
Coachella  City of,City of Coachella,CA3310007,2023-01-15,Yes,,,,Y,,,Y,Y,
Compton  City of,City of Compton,CA1910026,2023-01-15,No,Y,,,,,,,,
Valley Water Company,Valley Water Company,CA1910166,2023-01-15,Yes,,,Y,Y,Y,Y,Y,Y,Y
Cucamonga Valley Water District,Cucamonga Valley Water District,CA3610018,2023-01-15,Yes,,,Y,Y,Y,Y,Y,Y,
Desert Water Agency,Desert Water Agency,CA3310005,2023-01-15,Yes,,,Y,Y,Y,Y,Y,Y,
Fullerton  City of,City of Fullerton,CA3010010,2023-01-15,Yes,,,Y,Y,Y,Y,,Y,
Sierra Madre  City of,City of Sierra Madre,CA1910148,2023-01-15,Yes,,,Y,Y,Y,Y,Y,Y,
Glendora  City of,City of Glendora,CA1910044,2023-01-15,Yes,,,Y,Y,Y,Y,,Y,
Park Water Company,Park Water Company,"CA1910211,CA1910161,CA1910021",2023-01-15,Yes,,,Y,Y,Y,Y,Y,Y,
Poway  City of,City of Poway,CA3710015,2023-01-15,Yes,,,Y,Y,Y,Y,Y,Y,
Rio Linda - Elverta Community Water District,Rio Linda - Elverta Community Water District,CA3410018,2023-01-15,No,Y,,,,,,,,
Padre Dam Municipal Water District,Padre Dam Municipal Water District,CA3710037,2023-01-15,Yes,,,Y,Y,Y,,,Y,
Groveland Community Services District,Groveland Community Services District,CA5510009,2023-01-15,Yes,,,,,,,,Y,
Pasadena  City of,City of Pasadena,CA1910124,2023-01-15,Yes,,,Y,Y,Y,Y,Y,Y,
Vernon  City of,City of Vernon,CA1910167,2023-01-15,Yes,,,Y,Y,Y,Y,,,
Pico Water District,Pico Water District,CA1910125,2023-01-15,Yes,,,Y,Y,Y,Y,Y,Y,
California City  City of,City of California City,CA1510032,2023-01-15,Yes,,,,,Y,Y,,,
Palo Alto  City of,City of Palo Alto,CA4310009,2023-01-15,Yes,,,Y,Y,Y,Y,Y,Y,Y
Rialto  City of,City of Rialto,CA3610038,2023-01-15,No,Y,,,,,,,,
Santa Paula  City of,City of Santa Paula,CA5610011,2023-01-15,No,Y,,,,,,,,
Fallbrook Public Utility District,Fallbrook Public Utility District,CA3710008,2023-01-15,Yes,,,,Y,Y,Y,,Y,
Morgan Hill  City of,City of Morgan Hill,CA4310006,2023-01-15,Yes,,,Y,Y,Y,Y,Y,,
Beaumont-Cherry Valley Water District,Beaumont-Cherry Valley Water District,CA3310002,2023-01-15,Yes,,,Y,Y,Y,,Y,Y,
Redwood City  City of,City of Redwood City,CA4110022,2023-01-15,Yes,,,Y,Y,Y,Y,Y,Y,
Lemoore  City of,City of Lemoore,CA1610005,2023-01-15,Yes,,,Y,Y,Y,Y,,,
Golden State Water Company Cordova,Golden State Water Company Cordova,CA3410015,2023-01-15,Yes,,,Y,Y,Y,Y,Y,Y,
Golden State Water Company Bay Point,Golden State Water Company Bay Point,CA0710002,2023-01-15,Yes,,,Y,Y,Y,Y,Y,Y,
Glendale  City of,City of Glendale,CA1910043,2023-01-15,Yes,,,Y,Y,Y,Y,Y,Y,
Fruitridge Vista Water Company,Fruitridge Vista Water Company,CA3410023,2023-01-15,Yes,,,Y,Y,Y,Y,Y,Y,
Golden State Water Company Culver City,Golden State Water Company Culver City,CA1910030,2023-01-15,Yes,,,Y,Y,Y,Y,Y,Y,
Golden State Water Company S San Gabriel,Golden State Water Company S San Gabriel,CA1910223,2023-01-15,Yes,,,Y,Y,Y,Y,Y,Y,
Galt  City of,City of Galt,CA3410011,2023-01-15,Yes,,,Y,Y,Y,Y,,Y,
Golden State Water Company Orcutt,Golden State Water Company Orcutt,CA4210016,2023-01-15,Yes,,,Y,Y,Y,Y,Y,Y,
Inglewood  City of,City of Inglewood,CA1910051,2023-01-15,Yes,,,Y,Y,Y,Y,Y,,
Susanville  City of,City of Susanville,CA1810001,2023-01-15,No,Y,,,,,,,,
South Feather Water and Power Agency,South Feather Water and Power Agency,"CA0410006,CA0410012",2023-01-15,Yes,,,,,,,,,
Red Bluff  City of,City of Red Bluff,CA5210004,2023-01-15,Yes,,,Y,Y,Y,,,Y,
El Segundo  City of,City of El Segundo,CA1910040,2023-01-15,Yes,,,Y,Y,Y,Y,Y,Y,
Alco Water Service,Alco Water Service,CA2710001,2023-01-15,Yes,,,Y,Y,Y,Y,Y,Y,
"Anderson, City of",City of Anderson,CA4510001,2023-01-15,Yes,,,Y,Y,Y,Y,Y,Y,
Arvin Community Services District,Arvin Community Services District,CA1510001,2023-01-15,Yes,,,Y,Y,Y,Y,,,
Atascadero Mutual Water Company,Atascadero Mutual Water Company,CA4010002,2023-01-15,Yes,,,Y,Y,Y,Y,Y,Y,
Atwater  City of,City of Atwater,CA2410001,2023-01-15,Yes,,,Y,Y,Y,,,Y,
Bakersfield  City of,City of Bakersfield,CA1510031,2023-01-15,Yes,,,Y,Y,Y,Y,,Y,
Bella Vista Water District,Bella Vista Water District,CA4510014,2023-01-15,Yes,,,,,,,,,Y
Covina  City of ,City of Covina,CA1910127,2023-01-15,Yes,,,Y,Y,Y,Y,Y,Y,
Del Oro Water Company,Del Oro Water Company,CA0410011,2023-01-15,Yes,,,Y,Y,Y,Y,Y,,
Fairfield  City of,City of Fairfield,CA4810003,2023-01-15,Yes,,,Y,Y,Y,Y,Y,,
Fillmore  City of,City of Fillmore,CA5610002,2023-01-15,Yes,,,,Y,Y,,,,
"Greenfield, City of",City of Greenfield,CA2710008,2023-01-15,No,,,,,,,,,
Healdsburg  City of,City of Healdsburg,CA4910005,2023-01-15,Yes,,,Y,Y,Y,Y,,,
"Kingsburg, City of",City of Kingsburg,CA1010019,2023-01-15,Yes,,,Y,Y,Y,Y,Y,Y,
Lamont Public Utility District,Lamont Public Utility District,CA1510012,2023-01-15,No,Y,,,,,,,,
Lee Lake Water District,Lee Lake Water District,CA3310074,2023-01-15,Yes,,,Y,Y,Y,Y,,Y,
Livingston  City of,City of Livingston,CA2410004,2023-01-15,No,Y,,,,,,,,
Montecito Water District,Montecito Water District,CA4210007,2023-01-15,Yes,,,Y,Y,Y,Y,Y,Y,
Myoma Dunes Mutual Water Company,Myoma Dunes Mutual Water Company,CA3310051,2023-01-15,Yes,,,Y,Y,Y,Y,,Y,
Norco  City of,City of Norco,CA3310025,2023-01-15,Yes,,,Y,Y,Y,Y,Y,Y,
Oakdale  City of,City of Oakdale,CA5010014,2023-01-15,Yes,,,Y,Y,,,,Y,
Porterville  City of,City of Porterville,CA5410010,2023-01-15,Yes,,,Y,Y,,,,,
Redding  City of,City of Redding,CA4510005,2023-01-15,Yes,,,Y,Y,Y,Y,Y,Y,
Ripon  City of,City of Ripon,CA3910007,2023-01-15,Yes,,,Y,Y,Y,Y,Y,Y,
Riverbank  City of,City of Riverbank,CA5010018,2023-01-15,Yes,,,Y,Y,Y,Y,Y,Y,
San Bernardino County Service Area 70J,San Bernardino County Service Area 70J,CA3610125,2023-01-15,No,Y,,,,,,,,
San Lorenzo Valley Water District,San Lorenzo Valley Water District,"CA4410014,CA4410002",2023-01-15,Yes,,,Y,Y,Y,Y,Y,,
Shasta Lake  City of,City of Shasta Lake,CA4510006,2023-01-15,Yes,,,Y,Y,Y,Y,Y,Y,
Vallejo  City of,City of Vallejo,"CA4810007,CA4810021",2023-01-15,Yes,,,Y,Y,Y,Y,Y,Y,
Big Bear City Community Services District,Big Bear City Community Services District,CA3610008,2023-01-15,Yes,,,Y,Y,Y,Y,Y,Y,
"Corcoran, City of",City of Corcoran,CA1610004,2023-01-15,Yes,,,Y,Y,Y,Y,,Y,
City of Newman Water Department,City of  Newman Water Department,CA5010013,2023-01-15,No,Y,,,,,,,,
Mountain House Community Services District,Mountain House Community Services District,CA3910027,2023-01-15,Yes,,,Y,Y,Y,Y,,,
Cloverdale,Cloverdale,CA4910002,2023-01-15,Yes,,,Y,Y,Y,,,,
Greenfield County Water District,Greenfield County Water District,CA1510024,2023-01-15,Yes,,,Y,Y,Y,Y,Y,Y,
Signal Hill City of,City of Signal Hill,CA1910149,2023-01-15,Yes,,,Y,,Y,Y,,,
Thermalito Water and Sewer District,Thermalito Water and Sewer District,CA0410008,2023-01-15,Yes,,,,Y,Y,Y,,Y,
Santa Clarita Valley Water Agency,Santa Clarita Valley Water Agency,"CA1910255,CA1910247,CA1910096,CA1910250,CA1910240,CA1910017",2023-01-15,Yes,,,Y,Y,Y,Y,Y,Y,Y
