month,average_storage,reservoir_id,average_storage_value,average_storage_unit
January,"165,874 af",ATN,165874,af
February,"180,481 af",ATN,180481,af
March,"194,157 af",ATN,194157,af
April,"197,293 af",ATN,197293,af
May,"193,537 af",ATN,193537,af
June,"184,416 af",ATN,184416,af
July,"173,486 af",ATN,173486,af
August,"162,876 af",ATN,162876,af
September,"156,551 af",ATN,156551,af
October,"152,290 af",ATN,152290,af
November,"149,124 af",ATN,149124,af
December,"151,602 af",ATN,151602,af
January,"130,662 af",CCH,130662,af
February,"140,821 af",CCH,140821,af
March,"147,397 af",CCH,147397,af
April,"148,704 af",CCH,148704,af
May,"147,217 af",CCH,147217,af
June,"144,299 af",CCH,144299,af
July,"139,324 af",CCH,139324,af
August,"133,301 af",CCH,133301,af
September,"128,312 af",CCH,128312,af
October,"121,244 af",CCH,121244,af
November,"119,322 af",CCH,119322,af
December,"120,247 af",CCH,120247,af
January,"4,430 af",GBL,4430,af
February,"5,002 af",GBL,5002,af
March,"5,747 af",GBL,5747,af
April,"5,751 af",GBL,5751,af
May,"5,643 af",GBL,5643,af
June,"5,247 af",GBL,5247,af
July,"4,768 af",GBL,4768,af
August,"4,247 af",GBL,4247,af
September,"3,790 af",GBL,3790,af
October,"3,338 af",GBL,3338,af
November,"3,160 af",GBL,3160,af
December,"3,589 af",GBL,3589,af
January,"183,606 af",NCM,183606,af
February,"208,726 af",NCM,208726,af
March,"238,684 af",NCM,238684,af
April,"240,318 af",NCM,240318,af
May,"229,298 af",NCM,229298,af
June,"211,658 af",NCM,211658,af
July,"189,190 af",NCM,189190,af
August,"166,158 af",NCM,166158,af
September,"149,532 af",NCM,149532,af
October,"138,888 af",NCM,138888,af
November,"130,171 af",NCM,130171,af
December,"142,868 af",NCM,142868,af
January,"17,046 af",SLN,17046,af
February,"18,776 af",SLN,18776,af
March,"19,411 af",SLN,19411,af
April,"19,276 af",SLN,19276,af
May,"18,894 af",SLN,18894,af
June,"18,357 af",SLN,18357,af
July,"17,289 af",SLN,17289,af
August,"16,373 af",SLN,16373,af
September,"15,694 af",SLN,15694,af
October,"14,504 af",SLN,14504,af
November,"14,219 af",SLN,14219,af
December,"14,722 af",SLN,14722,af
January,"28,912 af",WHR,28912,af
February,"30,002 af",WHR,30002,af
March,"31,256 af",WHR,31256,af
April,"31,360 af",WHR,31360,af
May,"31,027 af",WHR,31027,af
June,"30,624 af",WHR,30624,af
July,"30,113 af",WHR,30113,af
August,"29,578 af",WHR,29578,af
September,"28,984 af",WHR,28984,af
October,"28,058 af",WHR,28058,af
November,"27,769 af",WHR,27769,af
December,"27,907 af",WHR,27907,af
January,"1,558,120 af",CLE,1558120,af
February,"1,661,906 af",CLE,1661906,af
March,"1,798,346 af",CLE,1798346,af
April,"1,910,222 af",CLE,1910222,af
May,"1,935,791 af",CLE,1935791,af
June,"1,882,223 af",CLE,1882223,af
July,"1,752,490 af",CLE,1752490,af
August,"1,610,590 af",CLE,1610590,af
September,"1,493,982 af",CLE,1493982,af
October,"1,418,771 af",CLE,1418771,af
November,"1,404,984 af",CLE,1404984,af
December,"1,467,165 af",CLE,1467165,af
January,"67,061 af",COY,67061,af
February,"71,738 af",COY,71738,af
March,"80,957 af",COY,80957,af
April,"83,266 af",COY,83266,af
May,"82,234 af",COY,82234,af
June,"78,531 af",COY,78531,af
July,"70,889 af",COY,70889,af
August,"62,654 af",COY,62654,af
September,"56,530 af",COY,56530,af
October,"52,664 af",COY,52664,af
November,"52,095 af",COY,52095,af
December,"62,989 af",COY,62989,af
January,"21,378 af",DRE,21378,af
February,"26,184 af",DRE,26184,af
March,"30,950 af",DRE,30950,af
April,"30,449 af",DRE,30449,af
May,"28,681 af",DRE,28681,af
June,"24,754 af",DRE,24754,af
July,"17,472 af",DRE,17472,af
August,"11,651 af",DRE,11651,af
September,"8,237 af",DRE,8237,af
October,"9,141 af",DRE,9141,af
November,"10,562 af",DRE,10562,af
December,"15,685 af",DRE,15685,af
January,"14,010 af",LEW,14010,af
February,"14,044 af",LEW,14044,af
March,"13,929 af",LEW,13929,af
April,"14,086 af",LEW,14086,af
May,"13,968 af",LEW,13968,af
June,"13,993 af",LEW,13993,af
July,"14,075 af",LEW,14075,af
August,"14,012 af",LEW,14012,af
September,"14,149 af",LEW,14149,af
October,"14,066 af",LEW,14066,af
November,"13,997 af",LEW,13997,af
December,"13,928 af",LEW,13928,af
January,"48,496 af",LPY,48496,af
February,"53,809 af",LPY,53809,af
March,"63,712 af",LPY,63712,af
April,"70,284 af",LPY,70284,af
May,"68,108 af",LPY,68108,af
June,"63,413 af",LPY,63413,af
July,"56,448 af",LPY,56448,af
August,"48,049 af",LPY,48049,af
September,"39,252 af",LPY,39252,af
October,"31,529 af",LPY,31529,af
November,"28,926 af",LPY,28926,af
December,"41,623 af",LPY,41623,af
January,"228,954 af",WRS,228954,af
February,"239,229 af",WRS,239229,af
March,"240,791 af",WRS,240791,af
April,"237,650 af",WRS,237650,af
May,"234,490 af",WRS,234490,af
June,"228,117 af",WRS,228117,af
July,"220,448 af",WRS,220448,af
August,"212,537 af",WRS,212537,af
September,"205,551 af",WRS,205551,af
October,"198,406 af",WRS,198406,af
November,"194,970 af",WRS,194970,af
December,"214,614 af",WRS,214614,af
January,"20,671 af",BDP,20671,af
February,"23,069 af",BDP,23069,af
March,"24,705 af",BDP,24705,af
April,"22,646 af",BDP,22646,af
May,"22,774 af",BDP,22774,af
June,"26,913 af",BDP,26913,af
July,"24,449 af",BDP,24449,af
August,"17,840 af",BDP,17840,af
September,"12,676 af",BDP,12676,af
October,"11,571 af",BDP,11571,af
November,"14,448 af",BDP,14448,af
December,"17,285 af",BDP,17285,af
January,"14,054 af",BOC,14054,af
February,"15,880 af",BOC,15880,af
March,"20,828 af",BOC,20828,af
April,"25,293 af",BOC,25293,af
May,"28,196 af",BOC,28196,af
June,"28,540 af",BOC,28540,af
July,"27,095 af",BOC,27095,af
August,"24,577 af",BOC,24577,af
September,"19,632 af",BOC,19632,af
October,"15,415 af",BOC,15415,af
November,"12,650 af",BOC,12650,af
December,"12,853 af",BOC,12853,af
January,"9,061 af",PRS,9061,af
February,"9,256 af",PRS,9256,af
March,"9,553 af",PRS,9553,af
April,"13,463 af",PRS,13463,af
May,"18,524 af",PRS,18524,af
June,"21,661 af",PRS,21661,af
July,"19,972 af",PRS,19972,af
August,"16,351 af",PRS,16351,af
September,"12,312 af",PRS,12312,af
October,"9,365 af",PRS,9365,af
November,"9,017 af",PRS,9017,af
December,"9,146 af",PRS,9146,af
January,"146,335 af",STP,146335,af
February,"147,301 af",STP,147301,af
March,"150,115 af",STP,150115,af
April,"155,354 af",STP,155354,af
May,"161,452 af",STP,161452,af
June,"163,525 af",STP,163525,af
July,"156,501 af",STP,156501,af
August,"150,189 af",STP,150189,af
September,"147,077 af",STP,147077,af
October,"144,563 af",STP,144563,af
November,"144,004 af",STP,144004,af
December,"145,455 af",STP,145455,af
January,"256,516 af",THC,256516,af
February,"279,819 af",THC,279819,af
March,"299,717 af",THC,299717,af
April,"323,934 af",THC,323934,af
May,"375,299 af",THC,375299,af
June,"397,657 af",THC,397657,af
July,"374,680 af",THC,374680,af
August,"324,290 af",THC,324290,af
September,"275,290 af",THC,275290,af
October,"228,539 af",THC,228539,af
November,"217,517 af",THC,217517,af
December,"230,123 af",THC,230123,af
January,"809,445 af",ALM,809445,af
February,"838,488 af",ALM,838488,af
March,"888,376 af",ALM,888376,af
April,"939,042 af",ALM,939042,af
May,"994,475 af",ALM,994475,af
June,"1,000,156 af",ALM,1000156,af
July,"956,255 af",ALM,956255,af
August,"894,983 af",ALM,894983,af
September,"841,984 af",ALM,841984,af
October,"806,824 af",ALM,806824,af
November,"791,869 af",ALM,791869,af
December,"794,045 af",ALM,794045,af
January,"17,479 af",ANT,17479,af
February,"18,408 af",ANT,18408,af
March,"20,588 af",ANT,20588,af
April,"22,601 af",ANT,22601,af
May,"22,441 af",ANT,22441,af
June,"21,559 af",ANT,21559,af
July,"20,305 af",ANT,20305,af
August,"18,903 af",ANT,18903,af
September,"17,650 af",ANT,17650,af
October,"16,700 af",ANT,16700,af
November,"16,229 af",ANT,16229,af
December,"16,881 af",ANT,16881,af
January,"64,268 af",BCL,64268,af
February,"67,863 af",BCL,67863,af
March,"74,571 af",BCL,74571,af
April,"83,001 af",BCL,83001,af
May,"93,152 af",BCL,93152,af
June,"94,850 af",BCL,94850,af
July,"89,597 af",BCL,89597,af
August,"81,470 af",BCL,81470,af
September,"75,174 af",BCL,75174,af
October,"67,520 af",BCL,67520,af
November,"61,352 af",BCL,61352,af
December,"61,255 af",BCL,61255,af
January,"1,254,696 af",BER,1254696,af
February,"1,321,151 af",BER,1321151,af
March,"1,359,036 af",BER,1359036,af
April,"1,350,737 af",BER,1350737,af
May,"1,325,619 af",BER,1325619,af
June,"1,283,868 af",BER,1283868,af
July,"1,236,209 af",BER,1236209,af
August,"1,194,586 af",BER,1194586,af
September,"1,163,750 af",BER,1163750,af
October,"1,128,258 af",BER,1128258,af
November,"1,126,863 af",BER,1126863,af
December,"1,176,309 af",BER,1176309,af
January,"35,982 af",BIT,35982,af
February,"36,181 af",BIT,36181,af
March,"36,254 af",BIT,36254,af
April,"36,497 af",BIT,36497,af
May,"36,501 af",BIT,36501,af
June,"35,851 af",BIT,35851,af
July,"35,692 af",BIT,35692,af
August,"36,373 af",BIT,36373,af
September,"35,465 af",BIT,35465,af
October,"35,395 af",BIT,35395,af
November,"34,489 af",BIT,34489,af
December,"34,738 af",BIT,34738,af
January,"41,225 af",BLB,41225,af
February,"57,915 af",BLB,57915,af
March,"83,240 af",BLB,83240,af
April,"100,990 af",BLB,100990,af
May,"99,544 af",BLB,99544,af
June,"91,171 af",BLB,91171,af
July,"75,387 af",BLB,75387,af
August,"55,417 af",BLB,55417,af
September,"41,303 af",BLB,41303,af
October,"31,412 af",BLB,31412,af
November,"30,482 af",BLB,30482,af
December,"37,950 af",BLB,37950,af
January,"37,048 af",BTV,37048,af
February,"36,821 af",BTV,36821,af
March,"36,956 af",BTV,36956,af
April,"39,537 af",BTV,39537,af
May,"39,820 af",BTV,39820,af
June,"39,617 af",BTV,39617,af
July,"39,988 af",BTV,39988,af
August,"40,763 af",BTV,40763,af
September,"40,229 af",BTV,40229,af
October,"37,207 af",BTV,37207,af
November,"36,425 af",BTV,36425,af
December,"36,071 af",BTV,36071,af
January,"634,986 af",BUL,634986,af
February,"675,577 af",BUL,675577,af
March,"745,604 af",BUL,745604,af
April,"816,769 af",BUL,816769,af
May,"858,490 af",BUL,858490,af
June,"831,313 af",BUL,831313,af
July,"745,018 af",BUL,745018,af
August,"652,372 af",BUL,652372,af
September,"614,359 af",BUL,614359,af
October,"579,839 af",BUL,579839,af
November,"563,208 af",BUL,563208,af
December,"599,040 af",BUL,599040,af
January,"37,383 af",BWN,37383,af
February,"37,752 af",BWN,37752,af
March,"41,476 af",BWN,41476,af
April,"48,121 af",BWN,48121,af
May,"57,850 af",BWN,57850,af
June,"60,905 af",BWN,60905,af
July,"56,893 af",BWN,56893,af
August,"48,867 af",BWN,48867,af
September,"44,407 af",BWN,44407,af
October,"41,404 af",BWN,41404,af
November,"38,969 af",BWN,38969,af
December,"38,932 af",BWN,38932,af
January,"84,088 af",CFW,84088,af
February,"92,543 af",CFW,92543,af
March,"99,089 af",CFW,99089,af
April,"98,618 af",CFW,98618,af
May,"94,157 af",CFW,94157,af
June,"83,147 af",CFW,83147,af
July,"61,590 af",CFW,61590,af
August,"37,513 af",CFW,37513,af
September,"29,686 af",CFW,29686,af
October,"28,802 af",CFW,28802,af
November,"38,130 af",CFW,38130,af
December,"65,024 af",CFW,65024,af
January,"186,878 af",CLA,186878,af
February,"247,283 af",CLA,247283,af
March,"264,379 af",CLA,264379,af
April,"261,239 af",CLA,261239,af
May,"238,138 af",CLA,238138,af
June,"197,870 af",CLA,197870,af
July,"148,333 af",CLA,148333,af
August,"107,224 af",CLA,107224,af
September,"76,782 af",CLA,76782,af
October,"63,625 af",CLA,63625,af
November,"66,653 af",CLA,66653,af
December,"115,797 af",CLA,115797,af
January,"12,592 af",CPL,12592,af
February,"12,448 af",CPL,12448,af
March,"12,386 af",CPL,12386,af
April,"13,966 af",CPL,13966,af
May,"18,462 af",CPL,18462,af
June,"20,979 af",CPL,20979,af
July,"20,443 af",CPL,20443,af
August,"18,325 af",CPL,18325,af
September,"16,320 af",CPL,16320,af
October,"15,189 af",CPL,15189,af
November,"14,183 af",CPL,14183,af
December,"13,369 af",CPL,13369,af
January,"53,308 af",DAV,53308,af
February,"55,188 af",DAV,55188,af
March,"58,917 af",DAV,58917,af
April,"63,081 af",DAV,63081,af
May,"63,126 af",DAV,63126,af
June,"60,971 af",DAV,60971,af
July,"58,596 af",DAV,58596,af
August,"55,791 af",DAV,55791,af
September,"53,099 af",DAV,53099,af
October,"51,591 af",DAV,51591,af
November,"51,340 af",DAV,51340,af
December,"52,298 af",DAV,52298,af
January,"65,381 af",ENG,65381,af
February,"66,628 af",ENG,66628,af
March,"66,254 af",ENG,66254,af
April,"66,690 af",ENG,66690,af
May,"66,851 af",ENG,66851,af
June,"65,951 af",ENG,65951,af
July,"66,075 af",ENG,66075,af
August,"66,147 af",ENG,66147,af
September,"66,060 af",ENG,66060,af
October,"64,110 af",ENG,64110,af
November,"63,548 af",ENG,63548,af
December,"65,009 af",ENG,65009,af
January,"45,207 af",EPK,45207,af
February,"46,747 af",EPK,46747,af
March,"47,405 af",EPK,47405,af
April,"47,131 af",EPK,47131,af
May,"44,659 af",EPK,44659,af
June,"41,644 af",EPK,41644,af
July,"38,254 af",EPK,38254,af
August,"35,592 af",EPK,35592,af
September,"33,523 af",EPK,33523,af
October,"32,995 af",EPK,32995,af
November,"33,404 af",EPK,33404,af
December,"39,360 af",EPK,39360,af
January,"61,302 af",FMD,61302,af
February,"64,839 af",FMD,64839,af
March,"71,776 af",FMD,71776,af
April,"90,113 af",FMD,90113,af
May,"110,930 af",FMD,110930,af
June,"112,690 af",FMD,112690,af
July,"100,937 af",FMD,100937,af
August,"85,951 af",FMD,85951,af
September,"74,029 af",FMD,74029,af
October,"63,457 af",FMD,63457,af
November,"57,966 af",FMD,57966,af
December,"58,824 af",FMD,58824,af
January,"448,928 af",FOL,448928,af
February,"489,323 af",FOL,489323,af
March,"613,815 af",FOL,613815,af
April,"725,193 af",FOL,725193,af
May,"795,899 af",FOL,795899,af
June,"756,266 af",FOL,756266,af
July,"623,348 af",FOL,623348,af
August,"541,621 af",FOL,541621,af
September,"492,630 af",FOL,492630,af
October,"420,524 af",FOL,420524,af
November,"386,640 af",FOL,386640,af
December,"399,195 af",FOL,399195,af
January,"32,156 af",FRD,32156,af
February,"34,254 af",FRD,34254,af
March,"38,117 af",FRD,38117,af
April,"41,337 af",FRD,41337,af
May,"40,498 af",FRD,40498,af
June,"38,380 af",FRD,38380,af
July,"35,602 af",FRD,35602,af
August,"32,498 af",FRD,32498,af
September,"31,013 af",FRD,31013,af
October,"29,954 af",FRD,29954,af
November,"29,938 af",FRD,29938,af
December,"30,647 af",FRD,30647,af
January,"8,752 af",FRL,8752,af
February,"9,254 af",FRL,9254,af
March,"9,990 af",FRL,9990,af
April,"11,446 af",FRL,11446,af
May,"13,447 af",FRL,13447,af
June,"12,939 af",FRL,12939,af
July,"12,056 af",FRL,12056,af
August,"10,414 af",FRL,10414,af
September,"7,837 af",FRL,7837,af
October,"7,138 af",FRL,7138,af
November,"7,328 af",FRL,7328,af
December,"8,181 af",FRL,8181,af
January,"101,660 af",HHL,101660,af
February,"105,779 af",HHL,105779,af
March,"119,499 af",HHL,119499,af
April,"144,410 af",HHL,144410,af
May,"169,934 af",HHL,169934,af
June,"170,228 af",HHL,170228,af
July,"151,122 af",HHL,151122,af
August,"126,522 af",HHL,126522,af
September,"108,536 af",HHL,108536,af
October,"107,105 af",HHL,107105,af
November,"97,849 af",HHL,97849,af
December,"96,760 af",HHL,96760,af
January,"24,759 af",ICH,24759,af
February,"24,355 af",ICH,24355,af
March,"24,908 af",ICH,24908,af
April,"29,859 af",ICH,29859,af
May,"38,370 af",ICH,38370,af
June,"40,959 af",ICH,40959,af
July,"38,802 af",ICH,38802,af
August,"34,063 af",ICH,34063,af
September,"30,221 af",ICH,30221,af
October,"27,192 af",ICH,27192,af
November,"26,293 af",ICH,26293,af
December,"25,548 af",ICH,25548,af
January,"151,946 af",INV,151946,af
February,"169,507 af",INV,169507,af
March,"184,254 af",INV,184254,af
April,"183,833 af",INV,183833,af
May,"173,809 af",INV,173809,af
June,"157,941 af",INV,157941,af
July,"141,955 af",INV,141955,af
August,"129,924 af",INV,129924,af
September,"121,160 af",INV,121160,af
October,"116,730 af",INV,116730,af
November,"116,752 af",INV,116752,af
December,"130,255 af",INV,130255,af
January,"9,250 af",IRC,9250,af
February,"8,631 af",IRC,8631,af
March,"8,066 af",IRC,8066,af
April,"11,700 af",IRC,11700,af
May,"14,097 af",IRC,14097,af
June,"16,094 af",IRC,16094,af
July,"16,469 af",IRC,16469,af
August,"15,901 af",IRC,15901,af
September,"15,020 af",IRC,15020,af
October,"13,263 af",IRC,13263,af
November,"12,228 af",IRC,12228,af
December,"9,901 af",IRC,9901,af
January,"37,875 af",JCK,37875,af
February,"39,891 af",JCK,39891,af
March,"42,778 af",JCK,42778,af
April,"50,385 af",JCK,50385,af
May,"60,852 af",JCK,60852,af
June,"62,081 af",JCK,62081,af
July,"56,498 af",JCK,56498,af
August,"49,372 af",JCK,49372,af
September,"42,296 af",JCK,42296,af
October,"35,485 af",JCK,35485,af
November,"33,554 af",JCK,33554,af
December,"36,188 af",JCK,36188,af
January,"21,094 af",KES,21094,af
February,"21,025 af",KES,21025,af
March,"21,128 af",KES,21128,af
April,"21,321 af",KES,21321,af
May,"21,635 af",KES,21635,af
June,"21,916 af",KES,21916,af
July,"22,093 af",KES,22093,af
August,"21,858 af",KES,21858,af
September,"21,564 af",KES,21564,af
October,"21,469 af",KES,21469,af
November,"21,516 af",KES,21516,af
December,"21,260 af",KES,21260,af
January,"54,868 af",LGV,54868,af
February,"59,506 af",LGV,59506,af
March,"67,066 af",LGV,67066,af
April,"76,099 af",LGV,76099,af
May,"82,357 af",LGV,82357,af
June,"81,195 af",LGV,81195,af
July,"76,601 af",LGV,76601,af
August,"69,693 af",LGV,69693,af
September,"61,317 af",LGV,61317,af
October,"49,668 af",LGV,49668,af
November,"46,950 af",LGV,46950,af
December,"51,380 af",LGV,51380,af
January,"38,752 af",LON,38752,af
February,"36,120 af",LON,36120,af
March,"36,120 af",LON,36120,af
April,"44,541 af",LON,44541,af
May,"60,995 af",LON,60995,af
June,"66,957 af",LON,66957,af
July,"60,602 af",LON,60602,af
August,"49,948 af",LON,49948,af
September,"43,012 af",LON,43012,af
October,"40,451 af",LON,40451,af
November,"39,383 af",LON,39383,af
December,"39,296 af",LON,39296,af
January,"21,661 af",MCO,21661,af
February,"23,031 af",MCO,23031,af
March,"25,834 af",MCO,25834,af
April,"27,997 af",MCO,27997,af
May,"29,939 af",MCO,29939,af
June,"29,330 af",MCO,29330,af
July,"27,774 af",MCO,27774,af
August,"25,848 af",MCO,25848,af
September,"23,507 af",MCO,23507,af
October,"21,901 af",MCO,21901,af
November,"20,866 af",MCO,20866,af
December,"21,023 af",MCO,21023,af
January,"5,131 af",MMW,5131,af
February,"5,835 af",MMW,5835,af
March,"10,439 af",MMW,10439,af
April,"17,446 af",MMW,17446,af
May,"18,665 af",MMW,18665,af
June,"17,058 af",MMW,17058,af
July,"13,305 af",MMW,13305,af
August,"10,068 af",MMW,10068,af
September,"6,679 af",MMW,6679,af
October,"3,602 af",MMW,3602,af
November,"4,011 af",MMW,4011,af
December,"5,163 af",MMW,5163,af
January,"7,727 af",NAT,7727,af
February,"7,844 af",NAT,7844,af
March,"7,756 af",NAT,7756,af
April,"7,900 af",NAT,7900,af
May,"7,781 af",NAT,7781,af
June,"8,061 af",NAT,8061,af
July,"8,179 af",NAT,8179,af
August,"8,041 af",NAT,8041,af
September,"7,933 af",NAT,7933,af
October,"7,921 af",NAT,7921,af
November,"7,985 af",NAT,7985,af
December,"7,825 af",NAT,7825,af
January,"2,055,890 af",ORO,2055890,af
February,"2,225,879 af",ORO,2225879,af
March,"2,505,615 af",ORO,2505615,af
April,"2,736,329 af",ORO,2736329,af
May,"2,817,271 af",ORO,2817271,af
June,"2,687,874 af",ORO,2687874,af
July,"2,349,829 af",ORO,2349829,af
August,"2,064,323 af",ORO,2064323,af
September,"1,912,350 af",ORO,1912350,af
October,"1,806,273 af",ORO,1806273,af
November,"1,757,930 af",ORO,1757930,af
December,"1,849,948 af",ORO,1849948,af
January,"13,882 af",PT6,13882,af
February,"13,711 af",PT6,13711,af
March,"13,599 af",PT6,13599,af
April,"14,040 af",PT6,14040,af
May,"14,253 af",PT6,14253,af
June,"13,871 af",PT6,13871,af
July,"13,993 af",PT6,13993,af
August,"14,016 af",PT6,14016,af
September,"13,457 af",PT6,13457,af
October,"13,700 af",PT6,13700,af
November,"13,792 af",PT6,13792,af
December,"13,354 af",PT6,13354,af
January,"31,788 af",PT7,31788,af
February,"31,377 af",PT7,31377,af
March,"32,694 af",PT7,32694,af
April,"32,130 af",PT7,32130,af
May,"31,530 af",PT7,31530,af
June,"31,745 af",PT7,31745,af
July,"32,048 af",PT7,32048,af
August,"31,887 af",PT7,31887,af
September,"32,029 af",PT7,32029,af
October,"31,472 af",PT7,31472,af
November,"31,703 af",PT7,31703,af
December,"31,672 af",PT7,31672,af
January,"59,807 af",RLL,59807,af
February,"62,161 af",RLL,62161,af
March,"64,336 af",RLL,64336,af
April,"64,569 af",RLL,64569,af
May,"64,703 af",RLL,64703,af
June,"63,839 af",RLL,63839,af
July,"61,821 af",RLL,61821,af
August,"60,494 af",RLL,60494,af
September,"47,727 af",RLL,47727,af
October,"47,110 af",RLL,47110,af
November,"53,157 af",RLL,53157,af
December,"55,533 af",RLL,55533,af
January,"40,599 af",SFL,40599,af
February,"43,576 af",SFL,43576,af
March,"46,538 af",SFL,46538,af
April,"45,530 af",SFL,45530,af
May,"46,091 af",SFL,46091,af
June,"44,128 af",SFL,44128,af
July,"40,158 af",SFL,40158,af
August,"36,360 af",SFL,36360,af
September,"32,608 af",SFL,32608,af
October,"31,677 af",SFL,31677,af
November,"32,889 af",SFL,32889,af
December,"36,312 af",SFL,36312,af
January,"2,965,414 af",SHA,2965414,af
February,"3,268,961 af",SHA,3268961,af
March,"3,603,895 af",SHA,3603895,af
April,"3,837,993 af",SHA,3837993,af
May,"3,815,276 af",SHA,3815276,af
June,"3,539,810 af",SHA,3539810,af
July,"3,102,099 af",SHA,3102099,af
August,"2,740,573 af",SHA,2740573,af
September,"2,534,406 af",SHA,2534406,af
October,"2,436,558 af",SHA,2436558,af
November,"2,441,410 af",SHA,2441410,af
December,"2,675,624 af",SHA,2675624,af
January,"12,595 af",SLB,12595,af
February,"12,535 af",SLB,12535,af
March,"12,523 af",SLB,12523,af
April,"12,674 af",SLB,12674,af
May,"12,916 af",SLB,12916,af
June,"12,575 af",SLB,12575,af
July,"12,694 af",SLB,12694,af
August,"12,783 af",SLB,12783,af
September,"12,709 af",SLB,12709,af
October,"12,263 af",SLB,12263,af
November,"12,410 af",SLB,12410,af
December,"12,694 af",SLB,12694,af
January,"30,771 af",SLC,30771,af
February,"37,154 af",SLC,37154,af
March,"47,017 af",SLC,47017,af
April,"55,091 af",SLC,55091,af
May,"57,904 af",SLC,57904,af
June,"52,341 af",SLC,52341,af
July,"42,019 af",SLC,42019,af
August,"30,170 af",SLC,30170,af
September,"25,673 af",SLC,25673,af
October,"26,049 af",SLC,26049,af
November,"21,583 af",SLC,21583,af
December,"22,681 af",SLC,22681,af
January,"46,577 af",BWS,46577,af
February,"51,938 af",BWS,51938,af
March,"63,566 af",BWS,63566,af
April,"91,283 af",BWS,91283,af
May,"120,174 af",BWS,120174,af
June,"116,339 af",BWS,116339,af
July,"95,418 af",BWS,95418,af
August,"72,742 af",BWS,72742,af
September,"65,954 af",BWS,65954,af
October,"58,741 af",BWS,58741,af
November,"49,431 af",BWS,49431,af
December,"48,068 af",BWS,48068,af
January,"35,637 af",STG,35637,af
February,"39,099 af",STG,39099,af
March,"47,731 af",STG,47731,af
April,"46,304 af",STG,46304,af
May,"44,559 af",STG,44559,af
June,"40,121 af",STG,40121,af
July,"35,624 af",STG,35624,af
August,"31,993 af",STG,31993,af
September,"27,653 af",STG,27653,af
October,"26,035 af",STG,26035,af
November,"27,096 af",STG,27096,af
December,"32,451 af",STG,32451,af
January,"62,408 af",TMT,62408,af
February,"59,881 af",TMT,59881,af
March,"63,781 af",TMT,63781,af
April,"63,358 af",TMT,63358,af
May,"60,522 af",TMT,60522,af
June,"61,431 af",TMT,61431,af
July,"63,590 af",TMT,63590,af
August,"66,105 af",TMT,66105,af
September,"60,948 af",TMT,60948,af
October,"57,580 af",TMT,57580,af
November,"59,730 af",TMT,59730,af
December,"61,658 af",TMT,61658,af
January,"151,055 af",UNV,151055,af
February,"159,645 af",UNV,159645,af
March,"181,735 af",UNV,181735,af
April,"213,186 af",UNV,213186,af
May,"240,862 af",UNV,240862,af
June,"242,997 af",UNV,242997,af
July,"224,231 af",UNV,224231,af
August,"193,639 af",UNV,193639,af
September,"167,316 af",UNV,167316,af
October,"151,376 af",UNV,151376,af
November,"144,013 af",UNV,144013,af
December,"145,484 af",UNV,145484,af
January,"203,486 af",WHI,203486,af
February,"208,685 af",WHI,208685,af
March,"213,287 af",WHI,213287,af
April,"234,963 af",WHI,234963,af
May,"237,382 af",WHI,237382,af
June,"237,971 af",WHI,237971,af
July,"237,679 af",WHI,237679,af
August,"237,342 af",WHI,237342,af
September,"234,295 af",WHI,234295,af
October,"214,250 af",WHI,214250,af
November,"204,344 af",WHI,204344,af
December,"202,818 af",WHI,202818,af
January,"7,967 af",APN,7967,af
February,"8,588 af",APN,8588,af
March,"8,840 af",APN,8840,af
April,"8,795 af",APN,8795,af
May,"8,623 af",APN,8623,af
June,"8,015 af",APN,8015,af
July,"7,310 af",APN,7310,af
August,"6,412 af",APN,6412,af
September,"5,968 af",APN,5968,af
October,"5,665 af",APN,5665,af
November,"5,759 af",APN,5759,af
December,"7,157 af",APN,7157,af
January,"54,973 af",BIO,54973,af
February,"55,288 af",BIO,55288,af
March,"56,540 af",BIO,56540,af
April,"57,694 af",BIO,57694,af
May,"56,619 af",BIO,56619,af
June,"55,636 af",BIO,55636,af
July,"54,584 af",BIO,54584,af
August,"53,469 af",BIO,53469,af
September,"52,218 af",BIO,52218,af
October,"51,770 af",BIO,51770,af
November,"52,606 af",BIO,52606,af
December,"54,314 af",BIO,54314,af
January,"8,849 af",CHB,8849,af
February,"9,025 af",CHB,9025,af
March,"9,225 af",CHB,9225,af
April,"9,285 af",CHB,9285,af
May,"9,116 af",CHB,9116,af
June,"8,928 af",CHB,8928,af
July,"8,707 af",CHB,8707,af
August,"8,528 af",CHB,8528,af
September,"8,348 af",CHB,8348,af
October,"8,205 af",CHB,8205,af
November,"8,178 af",CHB,8178,af
December,"8,414 af",CHB,8414,af
January,"50,043 af",CRY,50043,af
February,"51,373 af",CRY,51373,af
March,"53,059 af",CRY,53059,af
April,"52,985 af",CRY,52985,af
May,"52,142 af",CRY,52142,af
June,"50,615 af",CRY,50615,af
July,"48,184 af",CRY,48184,af
August,"45,849 af",CRY,45849,af
September,"45,725 af",CRY,45725,af
October,"46,441 af",CRY,46441,af
November,"46,702 af",CRY,46702,af
December,"48,803 af",CRY,48803,af
January,"46,882 af",CVE,46882,af
February,"52,776 af",CVE,52776,af
March,"54,984 af",CVE,54984,af
April,"54,683 af",CVE,54683,af
May,"52,779 af",CVE,52779,af
June,"50,286 af",CVE,50286,af
July,"48,075 af",CVE,48075,af
August,"46,131 af",CVE,46131,af
September,"44,692 af",CVE,44692,af
October,"41,739 af",CVE,41739,af
November,"40,563 af",CVE,40563,af
December,"42,433 af",CVE,42433,af
January,"10,276 af",CYC,10276,af
February,"12,755 af",CYC,12755,af
March,"13,372 af",CYC,13372,af
April,"13,008 af",CYC,13008,af
May,"11,928 af",CYC,11928,af
June,"10,772 af",CYC,10772,af
July,"10,108 af",CYC,10108,af
August,"9,569 af",CYC,9569,af
September,"8,873 af",CYC,8873,af
October,"7,135 af",CYC,7135,af
November,"6,091 af",CYC,6091,af
December,"8,292 af",CYC,8292,af
January,"32,419 af",DLV,32419,af
February,"35,048 af",DLV,35048,af
March,"37,303 af",DLV,37303,af
April,"39,099 af",DLV,39099,af
May,"39,693 af",DLV,39693,af
June,"39,001 af",DLV,39001,af
July,"38,462 af",DLV,38462,af
August,"37,416 af",DLV,37416,af
September,"34,222 af",DLV,34222,af
October,"30,642 af",DLV,30642,af
November,"28,028 af",DLV,28028,af
December,"28,619 af",DLV,28619,af
January,"27,194 af",HNN,27194,af
February,"28,528 af",HNN,28528,af
March,"29,307 af",HNN,29307,af
April,"29,147 af",HNN,29147,af
May,"28,568 af",HNN,28568,af
June,"27,456 af",HNN,27456,af
July,"25,932 af",HNN,25932,af
August,"24,524 af",HNN,24524,af
September,"23,357 af",HNN,23357,af
October,"22,038 af",HNN,22038,af
November,"21,966 af",HNN,21966,af
December,"24,405 af",HNN,24405,af
January,"26,974 af",KNT,26974,af
February,"28,788 af",KNT,28788,af
March,"29,774 af",KNT,29774,af
April,"29,760 af",KNT,29760,af
May,"29,213 af",KNT,29213,af
June,"28,198 af",KNT,28198,af
July,"27,130 af",KNT,27130,af
August,"25,926 af",KNT,25926,af
September,"24,790 af",KNT,24790,af
October,"23,267 af",KNT,23267,af
November,"21,953 af",KNT,21953,af
December,"24,345 af",KNT,24345,af
January,"8,817 af",LNG,8817,af
February,"11,680 af",LNG,11680,af
March,"12,929 af",LNG,12929,af
April,"12,882 af",LNG,12882,af
May,"12,226 af",LNG,12226,af
June,"10,890 af",LNG,10890,af
July,"9,563 af",LNG,9563,af
August,"8,233 af",LNG,8233,af
September,"6,960 af",LNG,6960,af
October,"5,494 af",LNG,5494,af
November,"4,834 af",LNG,4834,af
December,"6,455 af",LNG,6455,af
January,"49,374 af",LRA,49374,af
February,"55,647 af",LRA,55647,af
March,"60,132 af",LRA,60132,af
April,"60,195 af",LRA,60195,af
May,"60,401 af",LRA,60401,af
June,"56,952 af",LRA,56952,af
July,"54,764 af",LRA,54764,af
August,"51,221 af",LRA,51221,af
September,"47,839 af",LRA,47839,af
October,"45,224 af",LRA,45224,af
November,"43,836 af",LRA,43836,af
December,"44,814 af",LRA,44814,af
January,"20,125 af",NCA,20125,af
February,"21,187 af",NCA,21187,af
March,"21,916 af",NCA,21916,af
April,"21,684 af",NCA,21684,af
May,"20,939 af",NCA,20939,af
June,"19,731 af",NCA,19731,af
July,"18,249 af",NCA,18249,af
August,"16,296 af",NCA,16296,af
September,"15,657 af",NCA,15657,af
October,"14,930 af",NCA,14930,af
November,"15,008 af",NCA,15008,af
December,"18,144 af",NCA,18144,af
January,"42,912 af",SAT,42912,af
February,"43,656 af",SAT,43656,af
March,"45,090 af",SAT,45090,af
April,"45,773 af",SAT,45773,af
May,"45,601 af",SAT,45601,af
June,"45,790 af",SAT,45790,af
July,"45,392 af",SAT,45392,af
August,"44,795 af",SAT,44795,af
September,"44,331 af",SAT,44331,af
October,"43,034 af",SAT,43034,af
November,"42,262 af",SAT,42262,af
December,"42,528 af",SAT,42528,af
January,"9,020 af",SLJ,9020,af
February,"9,583 af",SLJ,9583,af
March,"10,013 af",SLJ,10013,af
April,"9,790 af",SLJ,9790,af
May,"9,467 af",SLJ,9467,af
June,"9,044 af",SLJ,9044,af
July,"8,606 af",SLJ,8606,af
August,"8,150 af",SLJ,8150,af
September,"7,750 af",SLJ,7750,af
October,"7,265 af",SLJ,7265,af
November,"7,008 af",SLJ,7008,af
December,"8,078 af",SLJ,8078,af
January,"15,555 af",SNN,15555,af
February,"16,102 af",SNN,16102,af
March,"16,358 af",SNN,16358,af
April,"17,099 af",SNN,17099,af
May,"17,215 af",SNN,17215,af
June,"17,100 af",SNN,17100,af
July,"17,108 af",SNN,17108,af
August,"16,613 af",SNN,16613,af
September,"16,609 af",SNN,16609,af
October,"16,079 af",SNN,16079,af
November,"15,411 af",SNN,15411,af
December,"15,670 af",SNN,15670,af
January,"28,616 af",SPB,28616,af
February,"31,085 af",SPB,31085,af
March,"32,073 af",SPB,32073,af
April,"32,631 af",SPB,32631,af
May,"31,780 af",SPB,31780,af
June,"30,469 af",SPB,30469,af
July,"28,672 af",SPB,28672,af
August,"27,040 af",SPB,27040,af
September,"25,678 af",SPB,25678,af
October,"25,340 af",SPB,25340,af
November,"25,230 af",SPB,25230,af
December,"26,562 af",SPB,26562,af
January,"30,115 af",USL,30115,af
February,"32,111 af",USL,32111,af
March,"33,987 af",USL,33987,af
April,"34,807 af",USL,34807,af
May,"33,482 af",USL,33482,af
June,"32,900 af",USL,32900,af
July,"31,532 af",USL,31532,af
August,"30,463 af",USL,30463,af
September,"28,594 af",USL,28594,af
October,"27,271 af",USL,27271,af
November,"26,883 af",USL,26883,af
December,"28,061 af",USL,28061,af
January,"34,008 af",BRD,34008,af
February,"36,826 af",BRD,36826,af
March,"47,642 af",BRD,47642,af
April,"64,344 af",BRD,64344,af
May,"78,352 af",BRD,78352,af
June,"83,920 af",BRD,83920,af
July,"79,773 af",BRD,79773,af
August,"69,655 af",BRD,69655,af
September,"57,003 af",BRD,57003,af
October,"49,494 af",BRD,49494,af
November,"45,822 af",BRD,45822,af
December,"36,425 af",BRD,36425,af
January,"60,743 af",BUC,60743,af
February,"69,700 af",BUC,69700,af
March,"80,198 af",BUC,80198,af
April,"84,620 af",BUC,84620,af
May,"84,974 af",BUC,84974,af
June,"76,044 af",BUC,76044,af
July,"61,397 af",BUC,61397,af
August,"51,093 af",BUC,51093,af
September,"48,151 af",BUC,48151,af
October,"45,613 af",BUC,45613,af
November,"44,947 af",BUC,44947,af
December,"48,505 af",BUC,48505,af
January,"193,416 af",CHV,193416,af
February,"191,206 af",CHV,191206,af
March,"192,518 af",CHV,192518,af
April,"206,231 af",CHV,206231,af
May,"237,994 af",CHV,237994,af
June,"245,232 af",CHV,245232,af
July,"237,207 af",CHV,237207,af
August,"217,372 af",CHV,217372,af
September,"202,532 af",CHV,202532,af
October,"192,221 af",CHV,192221,af
November,"191,983 af",CHV,191983,af
December,"192,331 af",CHV,192331,af
January,"253,876 af",CMN,253876,af
February,"256,485 af",CMN,256485,af
March,"264,473 af",CMN,264473,af
April,"270,447 af",CMN,270447,af
May,"285,990 af",CMN,285990,af
June,"305,377 af",CMN,305377,af
July,"284,560 af",CMN,284560,af
August,"266,637 af",CMN,266637,af
September,"255,142 af",CMN,255142,af
October,"249,500 af",CMN,249500,af
November,"244,332 af",CMN,244332,af
December,"246,646 af",CMN,246646,af
January,"26,393 af",CNV,26393,af
February,"28,759 af",CNV,28759,af
March,"31,082 af",CNV,31082,af
April,"37,112 af",CNV,37112,af
May,"40,659 af",CNV,40659,af
June,"40,740 af",CNV,40740,af
July,"39,333 af",CNV,39333,af
August,"36,491 af",CNV,36491,af
September,"31,892 af",CNV,31892,af
October,"25,294 af",CNV,25294,af
November,"22,330 af",CNV,22330,af
December,"23,800 af",CNV,23800,af
January,"1,441,008 af",DNP,1441008,af
February,"1,486,441 af",DNP,1486441,af
March,"1,528,823 af",DNP,1528823,af
April,"1,549,928 af",DNP,1549928,af
May,"1,631,659 af",DNP,1631659,af
June,"1,671,693 af",DNP,1671693,af
July,"1,594,269 af",DNP,1594269,af
August,"1,468,172 af",DNP,1468172,af
September,"1,394,530 af",DNP,1394530,af
October,"1,332,463 af",DNP,1332463,af
November,"1,340,419 af",DNP,1340419,af
December,"1,379,088 af",DNP,1379088,af
January,"16,505 af",DON,16505,af
February,"13,869 af",DON,13869,af
March,"15,817 af",DON,15817,af
April,"33,109 af",DON,33109,af
May,"58,960 af",DON,58960,af
June,"61,691 af",DON,61691,af
July,"55,804 af",DON,55804,af
August,"45,313 af",DON,45313,af
September,"36,949 af",DON,36949,af
October,"28,163 af",DON,28163,af
November,"22,287 af",DON,22287,af
December,"19,828 af",DON,19828,af
January,"13,756 af",ENR,13756,af
February,"13,594 af",ENR,13594,af
March,"16,998 af",ENR,16998,af
April,"21,901 af",ENR,21901,af
May,"24,508 af",ENR,24508,af
June,"24,197 af",ENR,24197,af
July,"22,775 af",ENR,22775,af
August,"19,233 af",ENR,19233,af
September,"16,634 af",ENR,16634,af
October,"14,238 af",ENR,14238,af
November,"13,616 af",ENR,13616,af
December,"12,826 af",ENR,12826,af
January,"490,606 af",EXC,490606,af
February,"513,432 af",EXC,513432,af
March,"548,813 af",EXC,548813,af
April,"596,666 af",EXC,596666,af
May,"689,952 af",EXC,689952,af
June,"729,672 af",EXC,729672,af
July,"659,014 af",EXC,659014,af
August,"570,254 af",EXC,570254,af
September,"499,919 af",EXC,499919,af
October,"437,595 af",EXC,437595,af
November,"431,835 af",EXC,431835,af
December,"443,836 af",EXC,443836,af
January,"5,727 af",FLR,5727,af
February,"4,787 af",FLR,4787,af
March,"5,007 af",FLR,5007,af
April,"11,083 af",FLR,11083,af
May,"42,243 af",FLR,42243,af
June,"55,354 af",FLR,55354,af
July,"46,177 af",FLR,46177,af
August,"28,868 af",FLR,28868,af
September,"13,495 af",FLR,13495,af
October,"7,454 af",FLR,7454,af
November,"5,265 af",FLR,5265,af
December,"4,795 af",FLR,4795,af
January,"25,969 af",HID,25969,af
February,"31,689 af",HID,31689,af
March,"41,956 af",HID,41956,af
April,"47,905 af",HID,47905,af
May,"48,380 af",HID,48380,af
June,"41,848 af",HID,41848,af
July,"30,718 af",HID,30718,af
August,"22,689 af",HID,22689,af
September,"19,851 af",HID,19851,af
October,"17,040 af",HID,17040,af
November,"16,875 af",HID,16875,af
December,"18,687 af",HID,18687,af
January,"41,448 af",HNT,41448,af
February,"38,376 af",HNT,38376,af
March,"39,185 af",HNT,39185,af
April,"51,449 af",HNT,51449,af
May,"77,215 af",HNT,77215,af
June,"84,766 af",HNT,84766,af
July,"84,417 af",HNT,84417,af
August,"83,832 af",HNT,83832,af
September,"72,715 af",HNT,72715,af
October,"62,356 af",HNT,62356,af
November,"54,511 af",HNT,54511,af
December,"45,452 af",HNT,45452,af
January,"229,728 af",HTH,229728,af
February,"216,686 af",HTH,216686,af
March,"205,923 af",HTH,205923,af
April,"231,029 af",HTH,231029,af
May,"300,172 af",HTH,300172,af
June,"348,576 af",HTH,348576,af
July,"340,359 af",HTH,340359,af
August,"314,109 af",HTH,314109,af
September,"286,429 af",HTH,286429,af
October,"260,222 af",HTH,260222,af
November,"246,532 af",HTH,246532,af
December,"235,200 af",HTH,235200,af
January,"33,018 af",JNK,33018,af
February,"35,638 af",JNK,35638,af
March,"38,187 af",JNK,38187,af
April,"39,795 af",JNK,39795,af
May,"39,851 af",JNK,39851,af
June,"38,771 af",JNK,38771,af
July,"36,238 af",JNK,36238,af
August,"33,573 af",JNK,33573,af
September,"31,311 af",JNK,31311,af
October,"29,411 af",JNK,29411,af
November,"28,842 af",JNK,28842,af
December,"30,196 af",JNK,30196,af
January,"19,277 af",LBS,19277,af
February,"19,806 af",LBS,19806,af
March,"20,241 af",LBS,20241,af
April,"20,187 af",LBS,20187,af
May,"19,996 af",LBS,19996,af
June,"19,648 af",LBS,19648,af
July,"19,271 af",LBS,19271,af
August,"18,951 af",LBS,18951,af
September,"18,666 af",LBS,18666,af
October,"18,433 af",LBS,18433,af
November,"18,279 af",LBS,18279,af
December,"18,478 af",LBS,18478,af
January,"95,597 af",LVQ,95597,af
February,"94,388 af",LVQ,94388,af
March,"96,534 af",LVQ,96534,af
April,"98,246 af",LVQ,98246,af
May,"98,670 af",LVQ,98670,af
June,"102,977 af",LVQ,102977,af
July,"105,157 af",LVQ,105157,af
August,"104,153 af",LVQ,104153,af
September,"101,640 af",LVQ,101640,af
October,"97,277 af",LVQ,97277,af
November,"96,064 af",LVQ,96064,af
December,"94,647 af",LVQ,94647,af
January,"13,063 af",LWB,13063,af
February,"14,140 af",LWB,14140,af
March,"17,828 af",LWB,17828,af
April,"30,965 af",LWB,30965,af
May,"47,315 af",LWB,47315,af
June,"46,500 af",LWB,46500,af
July,"39,918 af",LWB,39918,af
August,"32,278 af",LWB,32278,af
September,"26,004 af",LWB,26004,af
October,"20,037 af",LWB,20037,af
November,"15,665 af",LWB,15665,af
December,"13,110 af",LWB,13110,af
January,"15,517 af",MDO,15517,af
February,"16,689 af",MDO,16689,af
March,"17,457 af",MDO,17457,af
April,"17,714 af",MDO,17714,af
May,"18,937 af",MDO,18937,af
June,"18,292 af",MDO,18292,af
July,"18,031 af",MDO,18031,af
August,"18,777 af",MDO,18777,af
September,"17,794 af",MDO,17794,af
October,"15,359 af",MDO,15359,af
November,"16,188 af",MDO,16188,af
December,"15,301 af",MDO,15301,af
January,"309,764 af",MIL,309764,af
February,"331,150 af",MIL,331150,af
March,"367,664 af",MIL,367664,af
April,"369,408 af",MIL,369408,af
May,"411,689 af",MIL,411689,af
June,"432,481 af",MIL,432481,af
July,"350,871 af",MIL,350871,af
August,"271,507 af",MIL,271507,af
September,"246,746 af",MIL,246746,af
October,"224,313 af",MIL,224313,af
November,"236,523 af",MIL,236523,af
December,"271,773 af",MIL,271773,af
January,"40,450 af",MPL,40450,af
February,"43,498 af",MPL,43498,af
March,"51,151 af",MPL,51151,af
April,"80,587 af",MPL,80587,af
May,"111,861 af",MPL,111861,af
June,"106,374 af",MPL,106374,af
July,"86,312 af",MPL,86312,af
August,"54,539 af",MPL,54539,af
September,"33,573 af",MPL,33573,af
October,"27,675 af",MPL,27675,af
November,"27,820 af",MPL,27820,af
December,"31,835 af",MPL,31835,af
January,"135,480 af",NHG,135480,af
February,"149,927 af",NHG,149927,af
March,"171,363 af",NHG,171363,af
April,"178,290 af",NHG,178290,af
May,"173,637 af",NHG,173637,af
June,"162,018 af",NHG,162018,af
July,"147,484 af",NHG,147484,af
August,"133,283 af",NHG,133283,af
September,"122,912 af",NHG,122912,af
October,"113,969 af",NHG,113969,af
November,"108,826 af",NHG,108826,af
December,"115,607 af",NHG,115607,af
January,"1,392,445 af",NML,1392445,af
February,"1,441,027 af",NML,1441027,af
March,"1,491,175 af",NML,1491175,af
April,"1,491,663 af",NML,1491663,af
May,"1,496,682 af",NML,1496682,af
June,"1,507,818 af",NML,1507818,af
July,"1,448,580 af",NML,1448580,af
August,"1,375,412 af",NML,1375412,af
September,"1,335,948 af",NML,1335948,af
October,"1,285,304 af",NML,1285304,af
November,"1,296,429 af",NML,1296429,af
December,"1,331,227 af",NML,1331227,af
January,"45,391 af",ONF,45391,af
February,"46,439 af",ONF,46439,af
March,"46,058 af",ONF,46058,af
April,"46,474 af",ONF,46474,af
May,"58,791 af",ONF,58791,af
June,"46,657 af",ONF,46657,af
July,"48,196 af",ONF,48196,af
August,"49,546 af",ONF,49546,af
September,"46,340 af",ONF,46340,af
October,"47,216 af",ONF,47216,af
November,"45,924 af",ONF,45924,af
December,"48,615 af",ONF,48615,af
January,"177,536 af",PAR,177536,af
February,"179,532 af",PAR,179532,af
March,"184,566 af",PAR,184566,af
April,"186,745 af",PAR,186745,af
May,"193,487 af",PAR,193487,af
June,"193,915 af",PAR,193915,af
July,"191,249 af",PAR,191249,af
August,"186,827 af",PAR,186827,af
September,"182,841 af",PAR,182841,af
October,"169,011 af",PAR,169011,af
November,"170,478 af",PAR,170478,af
December,"173,232 af",PAR,173232,af
January,"21,875 af",RDN,21875,af
February,"22,253 af",RDN,22253,af
March,"22,488 af",RDN,22488,af
April,"23,710 af",RDN,23710,af
May,"24,186 af",RDN,24186,af
June,"24,307 af",RDN,24307,af
July,"24,420 af",RDN,24420,af
August,"24,210 af",RDN,24210,af
September,"18,208 af",RDN,18208,af
October,"17,261 af",RDN,17261,af
November,"19,063 af",RDN,19063,af
December,"22,218 af",RDN,22218,af
January,"3,698 af",RLF,3698,af
February,"3,644 af",RLF,3644,af
March,"4,130 af",RLF,4130,af
April,"8,334 af",RLF,8334,af
May,"14,190 af",RLF,14190,af
June,"14,618 af",RLF,14618,af
July,"13,422 af",RLF,13422,af
August,"10,396 af",RLF,10396,af
September,"7,320 af",RLF,7320,af
October,"5,066 af",RLF,5066,af
November,"4,464 af",RLF,4464,af
December,"3,850 af",RLF,3850,af
January,"81,428 af",SHV,81428,af
February,"80,697 af",SHV,80697,af
March,"80,459 af",SHV,80459,af
April,"81,815 af",SHV,81815,af
May,"98,969 af",SHV,98969,af
June,"114,802 af",SHV,114802,af
July,"114,926 af",SHV,114926,af
August,"106,383 af",SHV,106383,af
September,"99,531 af",SHV,99531,af
October,"92,266 af",SHV,92266,af
November,"86,785 af",SHV,86785,af
December,"82,664 af",SHV,82664,af
January,"30,740 af",SLS,30740,af
February,"32,862 af",SLS,32862,af
March,"41,147 af",SLS,41147,af
April,"70,809 af",SLS,70809,af
May,"117,799 af",SLS,117799,af
June,"125,896 af",SLS,125896,af
July,"113,271 af",SLS,113271,af
August,"94,219 af",SLS,94219,af
September,"75,888 af",SLS,75888,af
October,"56,789 af",SLS,56789,af
November,"41,627 af",SLS,41627,af
December,"33,577 af",SLS,33577,af
January,"1,527,220 af",SNL,1527220,af
February,"1,653,182 af",SNL,1653182,af
March,"1,766,453 af",SNL,1766453,af
April,"1,683,927 af",SNL,1683927,af
May,"1,409,458 af",SNL,1409458,af
June,"1,105,632 af",SNL,1105632,af
July,"876,375 af",SNL,876375,af
August,"781,740 af",SNL,781740,af
September,"870,014 af",SNL,870014,af
October,"913,409 af",SNL,913409,af
November,"1,054,087 af",SNL,1054087,af
December,"1,277,307 af",SNL,1277307,af
January,"78,800 af",SPM,78800,af
February,"77,726 af",SPM,77726,af
March,"80,243 af",SPM,80243,af
April,"102,353 af",SPM,102353,af
May,"141,599 af",SPM,141599,af
June,"150,932 af",SPM,150932,af
July,"137,717 af",SPM,137717,af
August,"119,922 af",SPM,119922,af
September,"104,421 af",SPM,104421,af
October,"92,434 af",SPM,92434,af
November,"85,370 af",SPM,85370,af
December,"80,557 af",SPM,80557,af
January,"5,879 af",SWB,5879,af
February,"6,045 af",SWB,6045,af
March,"8,107 af",SWB,8107,af
April,"14,800 af",SWB,14800,af
May,"18,083 af",SWB,18083,af
June,"17,999 af",SWB,17999,af
July,"17,321 af",SWB,17321,af
August,"16,208 af",SWB,16208,af
September,"13,104 af",SWB,13104,af
October,"9,784 af",SWB,9784,af
November,"7,825 af",SWB,7825,af
December,"6,325 af",SWB,6325,af
January,"41,641 af",TAE,41641,af
February,"36,713 af",TAE,36713,af
March,"32,406 af",TAE,32406,af
April,"36,158 af",TAE,36158,af
May,"58,543 af",TAE,58543,af
June,"85,385 af",TAE,85385,af
July,"85,846 af",TAE,85846,af
August,"72,306 af",TAE,72306,af
September,"62,016 af",TAE,62016,af
October,"56,082 af",TAE,56082,af
November,"50,838 af",TAE,50838,af
December,"45,928 af",TAE,45928,af
January,"19,791 af",TLC,19791,af
February,"22,378 af",TLC,22378,af
March,"26,209 af",TLC,26209,af
April,"28,101 af",TLC,28101,af
May,"27,716 af",TLC,27716,af
June,"27,061 af",TLC,27061,af
July,"27,417 af",TLC,27417,af
August,"28,806 af",TLC,28806,af
September,"23,251 af",TLC,23251,af
October,"13,237 af",TLC,13237,af
November,"13,024 af",TLC,13024,af
December,"14,928 af",TLC,14928,af
January,"54,268 af",TUL,54268,af
February,"55,149 af",TUL,55149,af
March,"57,057 af",TUL,57057,af
April,"60,886 af",TUL,60886,af
May,"65,035 af",TUL,65035,af
June,"65,222 af",TUL,65222,af
July,"65,315 af",TUL,65315,af
August,"65,154 af",TUL,65154,af
September,"60,646 af",TUL,60646,af
October,"55,566 af",TUL,55566,af
November,"53,525 af",TUL,53525,af
December,"53,089 af",TUL,53089,af
January,"19,342 af",BRT,19342,af
February,"20,275 af",BRT,20275,af
March,"21,376 af",BRT,21376,af
April,"22,122 af",BRT,22122,af
May,"22,114 af",BRT,22114,af
June,"21,710 af",BRT,21710,af
July,"21,000 af",BRT,21000,af
August,"20,303 af",BRT,20303,af
September,"19,682 af",BRT,19682,af
October,"18,618 af",BRT,18618,af
November,"18,212 af",BRT,18212,af
December,"18,266 af",BRT,18266,af
January,"52,292 af",BRV,52292,af
February,"54,281 af",BRV,54281,af
March,"55,919 af",BRV,55919,af
April,"57,112 af",BRV,57112,af
May,"56,730 af",BRV,56730,af
June,"55,421 af",BRV,55421,af
July,"53,994 af",BRV,53994,af
August,"52,687 af",BRV,52687,af
September,"51,325 af",BRV,51325,af
October,"50,281 af",BRV,50281,af
November,"49,845 af",BRV,49845,af
December,"50,279 af",BRV,50279,af
January,"255,297 af",CAS,255297,af
February,"262,518 af",CAS,262518,af
March,"275,615 af",CAS,275615,af
April,"280,144 af",CAS,280144,af
May,"283,747 af",CAS,283747,af
June,"280,108 af",CAS,280108,af
July,"279,703 af",CAS,279703,af
August,"274,105 af",CAS,274105,af
September,"266,785 af",CAS,266785,af
October,"252,986 af",CAS,252986,af
November,"247,231 af",CAS,247231,af
December,"250,272 af",CAS,250272,af
January,"2,319 af",CGS,2319,af
February,"3,108 af",CGS,3108,af
March,"3,895 af",CGS,3895,af
April,"4,074 af",CGS,4074,af
May,"3,997 af",CGS,3997,af
June,"3,526 af",CGS,3526,af
July,"2,986 af",CGS,2986,af
August,"2,352 af",CGS,2352,af
September,"1,704 af",CGS,1704,af
October,"1,224 af",CGS,1224,af
November,"1,035 af",CGS,1035,af
December,"1,194 af",CGS,1194,af
January,"186,909 af",CSI,186909,af
February,"192,653 af",CSI,192653,af
March,"196,426 af",CSI,196426,af
April,"196,719 af",CSI,196719,af
May,"195,170 af",CSI,195170,af
June,"192,450 af",CSI,192450,af
July,"189,388 af",CSI,189388,af
August,"186,523 af",CSI,186523,af
September,"183,301 af",CSI,183301,af
October,"182,277 af",CSI,182277,af
November,"180,411 af",CSI,180411,af
December,"181,367 af",CSI,181367,af
January,"1,206 af",CUY,1206,af
February,"2,093 af",CUY,2093,af
March,"2,330 af",CUY,2330,af
April,"1,962 af",CUY,1962,af
May,"1,605 af",CUY,1605,af
June,966 af,CUY,966,af
July,742 af,CUY,742,af
August,642 af,CUY,642,af
September,588 af,CUY,588,af
October,568 af,CUY,568,af
November,578 af,CUY,578,af
December,685 af,CUY,685,af
January,"48,801 af",ELC,48801,af
February,"52,743 af",ELC,52743,af
March,"56,345 af",ELC,56345,af
April,"58,335 af",ELC,58335,af
May,"57,743 af",ELC,57743,af
June,"56,061 af",ELC,56061,af
July,"53,331 af",ELC,53331,af
August,"50,620 af",ELC,50620,af
September,"48,252 af",ELC,48252,af
October,"47,478 af",ELC,47478,af
November,"45,777 af",ELC,45777,af
December,"46,086 af",ELC,46086,af
January,"18,866 af",HDG,18866,af
February,"21,133 af",HDG,21133,af
March,"21,631 af",HDG,21631,af
April,"21,153 af",HDG,21153,af
May,"20,737 af",HDG,20737,af
June,"19,686 af",HDG,19686,af
July,"18,704 af",HDG,18704,af
August,"18,066 af",HDG,18066,af
September,"17,235 af",HDG,17235,af
October,"16,567 af",HDG,16567,af
November,"16,210 af",HDG,16210,af
December,"16,892 af",HDG,16892,af
January,"8,754 af",HMT,8754,af
February,"9,483 af",HMT,9483,af
March,"9,863 af",HMT,9863,af
April,"10,144 af",HMT,10144,af
May,"9,988 af",HMT,9988,af
June,"9,793 af",HMT,9793,af
July,"9,313 af",HMT,9313,af
August,"8,829 af",HMT,8829,af
September,"8,366 af",HMT,8366,af
October,"7,783 af",HMT,7783,af
November,"7,731 af",HMT,7731,af
December,"7,931 af",HMT,7931,af
January,"10,875 af",HNS,10875,af
February,"13,907 af",HNS,13907,af
March,"15,852 af",HNS,15852,af
April,"16,275 af",HNS,16275,af
May,"15,353 af",HNS,15353,af
June,"13,538 af",HNS,13538,af
July,"11,331 af",HNS,11331,af
August,"9,180 af",HNS,9180,af
September,"7,403 af",HNS,7403,af
October,"7,106 af",HNS,7106,af
November,"7,305 af",HNS,7305,af
December,"7,942 af",HNS,7942,af
January,"8,569 af",JNN,8569,af
February,"8,717 af",JNN,8717,af
March,"8,740 af",JNN,8740,af
April,"8,846 af",JNN,8846,af
May,"8,419 af",JNN,8419,af
June,"8,442 af",JNN,8442,af
July,"7,936 af",JNN,7936,af
August,"7,356 af",JNN,7356,af
September,"6,794 af",JNN,6794,af
October,"6,702 af",JNN,6702,af
November,"7,302 af",JNN,7302,af
December,"8,161 af",JNN,8161,af
January,"37,435 af",LOT,37435,af
February,"38,868 af",LOT,38868,af
March,"39,763 af",LOT,39763,af
April,"40,204 af",LOT,40204,af
May,"40,011 af",LOT,40011,af
June,"39,217 af",LOT,39217,af
July,"38,315 af",LOT,38315,af
August,"37,618 af",LOT,37618,af
September,"36,882 af",LOT,36882,af
October,"36,483 af",LOT,36483,af
November,"36,133 af",LOT,36133,af
December,"35,951 af",LOT,35951,af
January,"12,976 af",LVD,12976,af
February,"13,394 af",LVD,13394,af
March,"14,459 af",LVD,14459,af
April,"14,767 af",LVD,14767,af
May,"14,864 af",LVD,14864,af
June,"14,790 af",LVD,14790,af
July,"14,643 af",LVD,14643,af
August,"14,659 af",LVD,14659,af
September,"14,371 af",LVD,14371,af
October,"14,127 af",LVD,14127,af
November,"13,920 af",LVD,13920,af
December,"13,709 af",LVD,13709,af
January,771 af,MAT,771,af
February,905 af,MAT,905,af
March,872 af,MAT,872,af
April,832 af,MAT,832,af
May,778 af,MAT,778,af
June,750 af,MAT,750,af
July,765 af,MAT,765,af
August,704 af,MAT,704,af
September,709 af,MAT,709,af
October,724 af,MAT,724,af
November,771 af,MAT,771,af
December,823 af,MAT,823,af
January,"133,923 af",MHW,133923,af
February,"139,609 af",MHW,139609,af
March,"141,886 af",MHW,141886,af
April,"144,533 af",MHW,144533,af
May,"149,009 af",MHW,149009,af
June,"150,372 af",MHW,150372,af
July,"146,589 af",MHW,146589,af
August,"137,361 af",MHW,137361,af
September,"132,421 af",MHW,132421,af
October,"121,248 af",MHW,121248,af
November,"116,248 af",MHW,116248,af
December,"124,776 af",MHW,124776,af
January,"5,459 af",MMR,5459,af
February,"5,473 af",MMR,5473,af
March,"5,444 af",MMR,5444,af
April,"5,701 af",MMR,5701,af
May,"5,777 af",MMR,5777,af
June,"5,744 af",MMR,5744,af
July,"5,713 af",MMR,5713,af
August,"5,691 af",MMR,5691,af
September,"5,496 af",MMR,5496,af
October,"5,538 af",MMR,5538,af
November,"5,658 af",MMR,5658,af
December,"5,619 af",MMR,5619,af
January,"14,041 af",MOR,14041,af
February,"15,001 af",MOR,15001,af
March,"15,893 af",MOR,15893,af
April,"16,260 af",MOR,16260,af
May,"16,084 af",MOR,16084,af
June,"15,609 af",MOR,15609,af
July,"15,011 af",MOR,15011,af
August,"14,523 af",MOR,14523,af
September,"14,052 af",MOR,14052,af
October,"13,628 af",MOR,13628,af
November,"13,451 af",MOR,13451,af
December,"13,076 af",MOR,13076,af
January,"3,933 af",MRR,3933,af
February,"4,095 af",MRR,4095,af
March,"3,991 af",MRR,3991,af
April,"3,924 af",MRR,3924,af
May,"3,952 af",MRR,3952,af
June,"3,941 af",MRR,3941,af
July,"3,888 af",MRR,3888,af
August,"3,881 af",MRR,3881,af
September,"3,718 af",MRR,3718,af
October,"3,798 af",MRR,3798,af
November,"3,967 af",MRR,3967,af
December,"3,917 af",MRR,3917,af
January,"92,614 af",PRR,92614,af
February,"94,442 af",PRR,94442,af
March,"97,003 af",PRR,97003,af
April,"96,810 af",PRR,96810,af
May,"97,478 af",PRR,97478,af
June,"97,261 af",PRR,97261,af
July,"96,606 af",PRR,96606,af
August,"95,315 af",PRR,95315,af
September,"93,576 af",PRR,93576,af
October,"93,056 af",PRR,93056,af
November,"93,095 af",PRR,93095,af
December,"92,298 af",PRR,92298,af
January,"39,913 af",PRU,39913,af
February,"47,522 af",PRU,47522,af
March,"53,604 af",PRU,53604,af
April,"55,735 af",PRU,55735,af
May,"56,096 af",PRU,56096,af
June,"55,311 af",PRU,55311,af
July,"53,592 af",PRU,53592,af
August,"51,373 af",PRU,51373,af
September,"41,220 af",PRU,41220,af
October,"32,328 af",PRU,32328,af
November,"30,787 af",PRU,30787,af
December,"32,143 af",PRU,32143,af
January,"163,923 af",PYM,163923,af
February,"163,437 af",PYM,163437,af
March,"165,827 af",PYM,165827,af
April,"164,281 af",PYM,164281,af
May,"164,534 af",PYM,164534,af
June,"162,747 af",PYM,162747,af
July,"162,930 af",PYM,162930,af
August,"164,105 af",PYM,164105,af
September,"163,752 af",PYM,163752,af
October,"164,465 af",PYM,164465,af
November,"161,914 af",PYM,161914,af
December,"162,679 af",PYM,162679,af
January,"10,537 af",RLC,10537,af
February,"11,031 af",RLC,11031,af
March,"11,129 af",RLC,11129,af
April,"11,257 af",RLC,11257,af
May,"11,006 af",RLC,11006,af
June,"10,672 af",RLC,10672,af
July,"10,225 af",RLC,10225,af
August,"9,662 af",RLC,9662,af
September,"9,421 af",RLC,9421,af
October,"9,051 af",RLC,9051,af
November,"9,135 af",RLC,9135,af
December,"9,815 af",RLC,9815,af
January,"13,525 af",SGB,13525,af
February,"19,240 af",SGB,19240,af
March,"24,597 af",SGB,24597,af
April,"26,767 af",SGB,26767,af
May,"25,663 af",SGB,25663,af
June,"21,126 af",SGB,21126,af
July,"15,968 af",SGB,15968,af
August,"11,898 af",SGB,11898,af
September,"8,714 af",SGB,8714,af
October,"7,239 af",SGB,7239,af
November,"6,261 af",SGB,6261,af
December,"6,788 af",SGB,6788,af
January,"13,219 af",SGC,13219,af
February,"14,596 af",SGC,14596,af
March,"16,091 af",SGC,16091,af
April,"17,681 af",SGC,17681,af
May,"16,754 af",SGC,16754,af
June,"15,541 af",SGC,15541,af
July,"13,979 af",SGC,13979,af
August,"12,590 af",SGC,12590,af
September,"11,618 af",SGC,11618,af
October,"10,941 af",SGC,10941,af
November,"10,973 af",SGC,10973,af
December,"11,478 af",SGC,11478,af
January,"37,853 af",SKN,37853,af
February,"36,597 af",SKN,36597,af
March,"36,262 af",SKN,36262,af
April,"37,426 af",SKN,37426,af
May,"38,950 af",SKN,38950,af
June,"37,963 af",SKN,37963,af
July,"38,365 af",SKN,38365,af
August,"38,511 af",SKN,38511,af
September,"38,836 af",SKN,38836,af
October,"37,792 af",SKN,37792,af
November,"36,967 af",SKN,36967,af
December,"36,443 af",SKN,36443,af
January,"8,726 af",STD,8726,af
February,"9,677 af",STD,9677,af
March,"10,796 af",STD,10796,af
April,"11,226 af",STD,11226,af
May,"11,252 af",STD,11252,af
June,"10,596 af",STD,10596,af
July,"9,924 af",STD,9924,af
August,"9,269 af",STD,9269,af
September,"8,792 af",STD,8792,af
October,"8,111 af",STD,8111,af
November,"7,878 af",STD,7878,af
December,"7,849 af",STD,7849,af
January,"84,184 af",SVT,84184,af
February,"85,865 af",SVT,85865,af
March,"88,523 af",SVT,88523,af
April,"89,810 af",SVT,89810,af
May,"89,649 af",SVT,89649,af
June,"88,796 af",SVT,88796,af
July,"87,583 af",SVT,87583,af
August,"85,886 af",SVT,85886,af
September,"84,753 af",SVT,84753,af
October,"80,613 af",SVT,80613,af
November,"79,780 af",SVT,79780,af
December,"81,255 af",SVT,81255,af
January,"11,678 af",SW3,11678,af
February,"13,948 af",SW3,13948,af
March,"15,373 af",SW3,15373,af
April,"15,917 af",SW3,15917,af
May,"15,183 af",SW3,15183,af
June,"13,953 af",SW3,13953,af
July,"12,269 af",SW3,12269,af
August,"10,574 af",SW3,10574,af
September,"9,498 af",SW3,9498,af
October,"9,011 af",SW3,9011,af
November,"8,683 af",SW3,8683,af
December,"9,204 af",SW3,9204,af
January,"21,481 af",VIL,21481,af
February,"22,742 af",VIL,22742,af
March,"23,719 af",VIL,23719,af
April,"23,826 af",VIL,23826,af
May,"23,427 af",VIL,23427,af
June,"22,833 af",VIL,22833,af
July,"22,121 af",VIL,22121,af
August,"21,362 af",VIL,21362,af
September,"20,715 af",VIL,20715,af
October,"20,357 af",VIL,20357,af
November,"20,060 af",VIL,20060,af
December,"20,166 af",VIL,20166,af
January,"117,955 af",CRW,117955,af
February,"125,288 af",CRW,125288,af
March,"128,918 af",CRW,128918,af
April,"123,499 af",CRW,123499,af
May,"121,512 af",CRW,121512,af
June,"128,405 af",CRW,128405,af
July,"129,866 af",CRW,129866,af
August,"120,534 af",CRW,120534,af
September,"108,558 af",CRW,108558,af
October,"103,406 af",CRW,103406,af
November,"108,416 af",CRW,108416,af
December,"110,226 af",CRW,110226,af
January,"6,627 af",GLK,6627,af
February,"5,183 af",GLK,5183,af
March,"3,174 af",GLK,3174,af
April,"3,779 af",GLK,3779,af
May,"8,327 af",GLK,8327,af
June,"12,639 af",GLK,12639,af
July,"13,512 af",GLK,13512,af
August,"12,934 af",GLK,12934,af
September,"12,873 af",GLK,12873,af
October,"11,786 af",GLK,11786,af
November,"9,842 af",GLK,9842,af
December,"8,032 af",GLK,8032,af
January,"28,473 af",GNT,28473,af
February,"27,654 af",GNT,27654,af
March,"28,020 af",GNT,28020,af
April,"28,494 af",GNT,28494,af
May,"32,382 af",GNT,32382,af
June,"35,353 af",GNT,35353,af
July,"36,168 af",GNT,36168,af
August,"33,841 af",GNT,33841,af
September,"32,340 af",GNT,32340,af
October,"30,794 af",GNT,30794,af
November,"30,118 af",GNT,30118,af
December,"29,302 af",GNT,29302,af
January,"30,044 af",HWE,30044,af
February,"29,993 af",HWE,29993,af
March,"28,604 af",HWE,28604,af
April,"28,518 af",HWE,28518,af
May,"28,158 af",HWE,28158,af
June,"29,510 af",HWE,29510,af
July,"29,228 af",HWE,29228,af
August,"25,853 af",HWE,25853,af
September,"22,749 af",HWE,22749,af
October,"24,258 af",HWE,24258,af
November,"26,649 af",HWE,26649,af
December,"27,071 af",HWE,27071,af
January,"3,091 af",SDB,3091,af
February,"2,662 af",SDB,2662,af
March,"2,134 af",SDB,2134,af
April,"1,840 af",SDB,1840,af
May,"2,798 af",SDB,2798,af
June,"4,620 af",SDB,4620,af
July,"5,617 af",SDB,5617,af
August,"5,506 af",SDB,5506,af
September,"5,013 af",SDB,5013,af
October,"4,637 af",SDB,4637,af
November,"4,169 af",SDB,4169,af
December,"3,616 af",SDB,3616,af
January,"5,783 af",SKR,5783,af
February,"4,891 af",SKR,4891,af
March,"3,814 af",SKR,3814,af
April,"3,233 af",SKR,3233,af
May,"4,854 af",SKR,4854,af
June,"8,607 af",SKR,8607,af
July,"10,673 af",SKR,10673,af
August,"10,330 af",SKR,10330,af
September,"9,506 af",SKR,9506,af
October,"8,468 af",SKR,8468,af
November,"7,558 af",SKR,7558,af
December,"6,626 af",SKR,6626,af
January,"66,041 af",SLW,66041,af
February,"65,862 af",SLW,65862,af
March,"66,910 af",SLW,66910,af
April,"68,847 af",SLW,68847,af
May,"69,445 af",SLW,69445,af
June,"68,636 af",SLW,68636,af
July,"69,276 af",SLW,69276,af
August,"69,369 af",SLW,69369,af
September,"69,063 af",SLW,69063,af
October,"67,281 af",SLW,67281,af
November,"65,927 af",SLW,65927,af
December,"66,221 af",SLW,66221,af
January,"3,405 af",TNM,3405,af
February,"3,091 af",TNM,3091,af
March,"2,703 af",TNM,2703,af
April,"2,460 af",TNM,2460,af
May,"2,885 af",TNM,2885,af
June,"3,287 af",TNM,3287,af
July,"3,154 af",TNM,3154,af
August,"2,753 af",TNM,2753,af
September,"2,921 af",TNM,2921,af
October,"3,106 af",TNM,3106,af
November,"3,445 af",TNM,3445,af
December,"3,105 af",TNM,3105,af
January,"40,718 af",CTG,40718,af
February,"36,985 af",CTG,36985,af
March,"39,833 af",CTG,39833,af
April,"55,889 af",CTG,55889,af
May,"98,685 af",CTG,98685,af
June,"108,709 af",CTG,108709,af
July,"98,777 af",CTG,98777,af
August,"77,556 af",CTG,77556,af
September,"58,937 af",CTG,58937,af
October,"50,418 af",CTG,50418,af
November,"53,001 af",CTG,53001,af
December,"48,108 af",CTG,48108,af
January,"156,547 af",ISB,156547,af
February,"168,208 af",ISB,168208,af
March,"187,545 af",ISB,187545,af
April,"223,536 af",ISB,223536,af
May,"275,741 af",ISB,275741,af
June,"281,326 af",ISB,281326,af
July,"239,246 af",ISB,239246,af
August,"188,160 af",ISB,188160,af
September,"160,994 af",ISB,160994,af
October,"143,113 af",ISB,143113,af
November,"139,144 af",ISB,139144,af
December,"142,469 af",ISB,142469,af
January,"407,824 af",PNF,407824,af
February,"467,764 af",PNF,467764,af
March,"529,627 af",PNF,529627,af
April,"593,997 af",PNF,593997,af
May,"700,566 af",PNF,700566,af
June,"670,674 af",PNF,670674,af
July,"475,061 af",PNF,475061,af
August,"338,613 af",PNF,338613,af
September,"296,075 af",PNF,296075,af
October,"277,213 af",PNF,277213,af
November,"299,110 af",PNF,299110,af
December,"339,776 af",PNF,339776,af
January,"14,837 af",SCC,14837,af
February,"21,864 af",SCC,21864,af
March,"31,488 af",SCC,31488,af
April,"42,438 af",SCC,42438,af
May,"49,505 af",SCC,49505,af
June,"45,174 af",SCC,45174,af
July,"28,732 af",SCC,28732,af
August,"14,526 af",SCC,14526,af
September,"8,756 af",SCC,8756,af
October,"6,387 af",SCC,6387,af
November,"7,428 af",SCC,7428,af
December,"11,372 af",SCC,11372,af
January,"22,312 af",TRM,22312,af
February,"27,517 af",TRM,27517,af
March,"50,619 af",TRM,50619,af
April,"92,224 af",TRM,92224,af
May,"135,039 af",TRM,135039,af
June,"115,815 af",TRM,115815,af
July,"51,535 af",TRM,51535,af
August,"19,366 af",TRM,19366,af
September,"10,849 af",TRM,10849,af
October,"11,573 af",TRM,11573,af
November,"13,874 af",TRM,13874,af
December,"17,139 af",TRM,17139,af
January,"48,899 af",WSN,48899,af
February,"47,278 af",WSN,47278,af
March,"45,329 af",WSN,45329,af
April,"54,501 af",WSN,54501,af
May,"76,781 af",WSN,76781,af
June,"92,197 af",WSN,92197,af
July,"84,879 af",WSN,84879,af
August,"77,628 af",WSN,77628,af
September,"74,424 af",WSN,74424,af
October,"67,330 af",WSN,67330,af
November,"54,131 af",WSN,54131,af
December,"48,332 af",WSN,48332,af
January,"556,573 af",HVS,556573,af
February,"565,707 af",HVS,565707,af
March,"562,250 af",HVS,562250,af
April,"582,031 af",HVS,582031,af
May,"593,833 af",HVS,593833,af
June,"588,950 af",HVS,588950,af
July,"582,876 af",HVS,582876,af
August,"583,033 af",HVS,583033,af
September,"572,550 af",HVS,572550,af
October,"569,207 af",HVS,569207,af
November,"564,513 af",HVS,564513,af
December,"558,870 af",HVS,558870,af
January,"16,456,300 af",MEA,16456300,af
February,"16,588,237 af",MEA,16588237,af
March,"16,476,767 af",MEA,16476767,af
April,"16,121,967 af",MEA,16121967,af
May,"15,790,500 af",MEA,15790500,af
June,"15,622,132 af",MEA,15622132,af
July,"15,536,432 af",MEA,15536432,af
August,"15,591,103 af",MEA,15591103,af
September,"15,601,593 af",MEA,15601593,af
October,"15,973,390 af",MEA,15973390,af
November,"16,016,806 af",MEA,16016806,af
December,"16,194,306 af",MEA,16194306,af
January,"1,665,885 af",MHV,1665885,af
February,"1,671,280 af",MHV,1671280,af
March,"1,683,677 af",MHV,1683677,af
April,"1,690,710 af",MHV,1690710,af
May,"1,715,533 af",MHV,1715533,af
June,"1,692,937 af",MHV,1692937,af
July,"1,664,313 af",MHV,1664313,af
August,"1,668,822 af",MHV,1668822,af
September,"1,575,640 af",MHV,1575640,af
October,"1,483,843 af",MHV,1483843,af
November,"1,527,660 af",MHV,1527660,af
December,"1,617,187 af",MHV,1617187,af
January,"14,447,077 af",PWL,14447077,af
February,"14,168,588 af",PWL,14168588,af
March,"14,078,908 af",PWL,14078908,af
April,"14,105,280 af",PWL,14105280,af
May,"15,119,302 af",PWL,15119302,af
June,"16,216,814 af",PWL,16216814,af
July,"16,179,921 af",PWL,16179921,af
August,"15,761,928 af",PWL,15761928,af
September,"15,471,110 af",PWL,15471110,af
October,"15,498,262 af",PWL,15498262,af
November,"15,250,493 af",PWL,15250493,af
December,"14,852,476 af",PWL,14852476,af
January,"145,019 af",CLK,145019,af
February,"160,366 af",CLK,160366,af
March,"186,222 af",CLK,186222,af
April,"192,084 af",CLK,192084,af
May,"190,191 af",CLK,190191,af
June,"173,621 af",CLK,173621,af
July,"156,857 af",CLK,156857,af
August,"137,666 af",CLK,137666,af
September,"126,488 af",CLK,126488,af
October,"125,729 af",CLK,125729,af
November,"129,122 af",CLK,129122,af
December,"133,946 af",CLK,133946,af
January,"39,851 af",GBR,39851,af
February,"45,644 af",GBR,45644,af
March,"58,923 af",GBR,58923,af
April,"67,526 af",GBR,67526,af
May,"60,827 af",GBR,60827,af
June,"53,524 af",GBR,53524,af
July,"45,305 af",GBR,45305,af
August,"37,395 af",GBR,37395,af
September,"31,620 af",GBR,31620,af
October,"30,268 af",GBR,30268,af
November,"30,565 af",GBR,30565,af
December,"34,953 af",GBR,34953,af
January,"322,442 af",KLM,322442,af
February,"379,180 af",KLM,379180,af
March,"440,518 af",KLM,440518,af
April,"458,858 af",KLM,458858,af
May,"445,652 af",KLM,445652,af
June,"380,922 af",KLM,380922,af
July,"292,184 af",KLM,292184,af
August,"212,098 af",KLM,212098,af
September,"171,318 af",KLM,171318,af
October,"177,005 af",KLM,177005,af
November,"212,214 af",KLM,212214,af
December,"270,005 af",KLM,270005,af
