supplier_name,reporting_month,org_id,pwsid,report_period_end_date,main_county,hydro_region,population,total_water_production,potable_supply_minus_sold_minus_ag_gal_flag,r_gpcd,res_flag,latitude,longitude,regional_r_gpcd,county_r_gpcd
Oildale Mutual Water Company,2022-12-01,1782.0,CA1510015,2022-12-31,Kern,Tulare Lake,39756.0,165001171.0,,107.5,,35.438,-119.064,77.7,87.8
City of Norwalk,2022-12-01,1756.0,CA1910191,2022-12-31,Los Angeles,South Coast,20228.0,42710000.0,,68.0,,33.906,-118.078,65.9,65.2
City of El Centro,2022-12-01,814.0,CA1310004,2022-12-31,Imperial,Colorado River,44508.0,162539000.0,,74.2,,32.788,-115.556,131.7,80.0
City of Vernon,2022-12-01,2633.0,CA1910167,2022-12-31,Los Angeles,South Coast,112.0,155541716.0,,115.6,,34.003,-118.214,65.9,65.2
Paradise Irrigation District,2023-08-01,1859.0,CA0410007,2023-08-31,Butte,Sacramento River,4764.0,160598924.0,,1085.6,,39.756,-121.607,167.4,190.7
South Tahoe Public Utility District,2023-10-01,2348.0,CA0910002,2023-10-31,El Dorado,North Lahontan,109414.0,121253121.0,,28.0,,38.905,-120.002,41.0,74.7
City of Sanger,2023-11-01,2205.0,CA1010029,2023-11-30,Fresno,Tulare Lake,26241.0,137604000.0,,107.4,,36.699,-119.557,106.5,106.2
City of Arroyo Grande,2023-12-01,99.0,CA4010001,2023-12-31,San Luis Obispo,Central Coast,17963.0,50803394.0,,70.4,,35.124,-120.585,55.8,62.8
City of Lodi,2023-12-01,1450.0,CA3910004,2023-12-31,San Joaquin,San Joaquin River,68272.0,227672770.0,,73.6,,38.121,-121.293,73.7,71.8
City of San Bernardino,2023-12-01,2150.0,CA3610039,2023-12-31,San Bernardino,South Coast,204870.0,863067532.0,,81.2,,34.144,-117.307,73.0,81.1
City of Colton,2023-12-01,596.0,CA3610014,2023-12-31,San Bernardino,South Coast,46525.0,194513496.0,,68.3,,34.052,-117.32,73.0,81.1
San Lorenzo Valley Water District,2023-12-01,2180.0,"CA4410002,CA4410014",2023-12-31,Santa Cruz,Central Coast,25485.0,45627588.0,,35.2,,37.144,-122.118,55.8,38.5
City of La Verne,2023-12-01,1333.0,CA1910062,2023-12-31,Los Angeles,South Coast,32206.0,108152076.0,,142.0,,34.128,-117.762,73.0,69.6
City of El Segundo,2023-12-01,827.0,CA1910040,2023-12-31,Los Angeles,South Coast,16898.0,165727819.0,,68.3,,33.917,-118.402,73.0,69.6
City of Camarillo,2024-01-01,443.0,CA5610019,2024-01-31,Ventura,South Coast,46848.0,144664810.0,,66.1,,34.226,-119.052,67.9,66.3
City of Santa Fe Springs,2024-01-01,2215.0,CA1910245,2024-01-31,Los Angeles,South Coast,19219.0,113663346.0,,86.2,,33.933,-118.066,67.9,65.4
Rowland Water District,2024-01-01,2115.0,CA1910194,2024-01-31,Los Angeles,South Coast,54660.0,224739435.0,,63.2,,33.98,-117.908,67.9,65.4
San Gabriel Valley Water Company,2024-01-01,2167.0,"CA1910039,CA1910189",2024-01-31,Los Angeles,South Coast,263649.0,191682126.0,Flagged,42.3,,34.035591,-118.089123,67.9,65.4
City of Pismo Beach,2024-02-01,1923.0,CA4010008,2024-02-29,San Luis Obispo,Central Coast,8036.0,27449688.0,,57.9,,35.149,-120.65,47.7,44.5
North Coast County Water District,2024-02-01,1739.0,CA4110025,2024-02-29,San Mateo,San Francisco Bay,38546.0,53720033.0,,44.0,,37.609,-122.483,46.7,44.0
City of Napa,2024-02-01,1701.0,CA2810003,2024-02-29,Napa,San Francisco Bay,85005.0,196222500.0,,52.0,,38.302,-122.307,46.7,50.9
City of San Diego,2024-03-01,2160.0,CA3710020,2024-03-31,San Diego,South Coast,1374790.0,4480069968.0,,81.8,,32.835,-117.125,56.9,63.7
City of Escondido,2024-03-01,851.0,CA3710006,2024-03-31,San Diego,South Coast,137941.0,345213066.0,,41.8,,33.131,-117.058,56.9,63.7
San Gabriel Valley Water Company Fontana Division,2024-03-01,2166.0,CA3610041,2024-03-31,San Bernardino,South Coast,237300.0,766060604.0,,52.8,,34.092,-117.465,56.9,62.6
San Bernardino County Service Area 70 J Oak Hills,2024-03-01,2891.0,CA3610125,2024-03-31,San Bernardino,South Coast,12721.0,37629273.0,,65.5,,34.388,-117.405,56.9,62.6
San Bernardino County Service Area 64 Spring Valley Lake,2024-03-01,2154.0,CA3610121,2024-03-31,San Bernardino,South Lahontan,14863.0,47864253.0,,68.4,,34.493,-117.265,52.3,62.6
Ramona Municipal Water District,2024-03-01,1996.0,CA3710019,2024-03-31,San Diego,South Coast,35135.0,66279407.0,,43.0,,33.021,-116.891,56.9,63.7
Santa Fe Irrigation District,2024-03-01,2214.0,CA3710023,2024-03-31,San Diego,South Coast,21539.0,111766893.0,,150.8,,33.012,-117.22,56.9,63.7
City of Folsom,2024-03-01,904.0,"CA3410014,CA3410030",2024-03-31,Sacramento,Sacramento River,79266.0,302165468.0,,66.2,,38.646,-121.168,58.4,59.8
Rio Linda - Elverta Community Water District,2024-03-01,2060.0,CA3410018,2024-03-31,Sacramento,Sacramento River,15404.0,40533124.0,,104.4,,38.688,-121.442,58.4,59.8
San Juan Water District,2024-03-01,2179.0,CA3410021,2024-03-31,Sacramento,Sacramento River,28971.0,103728149.0,,87.0,,38.73,-121.195,58.4,59.8
City of Loma Linda,2024-03-01,1452.0,CA3610013,2024-03-31,San Bernardino,South Coast,24791.0,82717602.0,,76.9,,34.045,-117.251,56.9,62.6
City of Exeter,2024-03-01,863.0,CA5410003,2024-03-31,Tulare,Tulare Lake,11169.0,34753500.0,,54.8,,36.294,-119.145,71.0,63.2
City of Lindsay,2024-03-01,1432.0,CA5410006,2024-03-31,Tulare,Tulare Lake,12659.0,51870000.0,,48.0,,36.20826,-119.09005,71.0,63.2
City of Porterville,2024-03-01,1956.0,CA5410010,2024-03-31,Tulare,Tulare Lake,62988.0,176037365.0,,60.0,,36.071658,-119.025804,71.0,63.2
City of West Sacramento,2024-03-01,2683.0,CA5710003,2024-03-31,Yolo,Sacramento River,53355.0,191367730.0,,54.5,,38.578,-121.544,58.4,54.6
Tuolumne Utilities District,2024-03-01,2523.0,"CA5500363,CA5510001,CA5510002,CA5510003,CA5510012,CA5510013,CA5510015,CA5510021,CA5510025,CA5510028,CA5510033",2024-03-31,Tuolumne,San Joaquin River,33689.0,88122181.0,,38.2,,37.961,-120.24,60.1,38.9
City of East Palo Alto,2024-03-01,787.0,CA4110024,2024-03-31,San Mateo,San Francisco Bay,29519.0,43148350.0,,28.7,,37.468,-122.138,41.9,42.8
City of Vallejo,2024-03-01,2603.0,"CA4810007,CA4810021",2024-03-31,Solano,San Francisco Bay,128890.0,337152116.0,,47.9,,38.114,-122.235,41.9,52.0
Vaughn Water Company,2024-03-01,2626.0,CA1510029,2024-03-31,Kern,Tulare Lake,36644.0,206085988.0,,174.7,,35.388,-119.189,71.0,71.3
City of El Monte,2024-03-01,821.0,CA1910038,2024-03-31,Los Angeles,South Coast,22968.0,43137000.0,,74.3,,34.073,-118.039,56.9,53.6
City of Burbank,2024-03-01,285.0,CA1910179,2024-03-31,Los Angeles,South Coast,105451.0,392976306.0,,59.6,,34.188,-118.323,56.9,53.6
City of Bakersfield,2024-03-01,123.0,CA1510031,2024-03-31,Kern,Tulare Lake,156770.0,741488747.0,,87.5,,35.331,-119.116,71.0,71.3
Discovery Bay Community Services District,2024-03-01,739.0,CA0710009,2024-03-31,Contra Costa,San Joaquin River,16790.0,61297000.0,,66.6,,37.907,-121.607,60.1,57.7
East Bay Municipal Utility District,2024-03-01,775.0,CA0110005,2024-03-31,Alameda,San Francisco Bay,1430200.0,6881470000.0,Flagged,48.2,,37.844,-122.192,41.9,46.6
City of San Clemente,2024-03-01,2159.0,CA3010036,2024-03-31,Orange,South Coast,51545.0,103783544.0,,57.7,,33.444,-117.615,56.9,55.8
Nevada Irrigation District,2024-03-01,1718.0,"CA2910004,CA2910006,CA2910014,CA2910023,CA3110026,CA5810005",2024-03-31,Nevada,Sacramento River,54196.0,120490000.0,Flagged,43.7,,39.034,-121.06,58.4,39.0
City of American Canyon,2024-03-01,57.0,CA2810005,2024-03-31,Napa,San Francisco Bay,20990.0,57815405.0,,40.1,,38.197,-122.251,41.9,40.1
Orchard Dale Water District,2024-03-01,1804.0,CA1910101,2024-03-31,Los Angeles,South Coast,25000.0,37873662.0,,40.3,,33.933,-118.028,56.9,53.6
City of Ukiah,2024-03-01,2536.0,CA2310003,2024-03-31,Mendocino,North Coast,16607.0,49031000.0,,51.8,,39.148,-123.211,43.3,51.8
Marin Municipal Water District,2024-03-01,1546.0,CA2110002,2024-03-31,Marin,San Francisco Bay,193937.0,428510000.0,,32.4,,37.953,-122.547,41.9,36.2
City of Torrance,2024-03-01,2487.0,CA1910213,2024-03-31,Los Angeles,South Coast,106183.0,450651933.0,,62.2,,33.835,-118.335,56.9,53.6
Hi Desert Water District,2024-04-01,1167.0,CA3610073,2024-04-30,San Bernardino,Colorado River,26032.0,69876414.0,,58.8,,34.151,-116.407,133.7,72.6
Lakeside Water District,2024-04-01,1368.0,CA3710013,2024-04-30,San Diego,South Coast,35500.0,75499677.0,,59.2,,32.879,-116.924,59.2,55.3
Helix Water District,2024-04-01,1154.0,CA3710010,2024-04-30,San Diego,South Coast,277418.0,667414535.0,Flagged,58.6,,32.783,-116.971,59.2,55.3
Fallbrook Public Utility District,2024-04-01,873.0,CA3710008,2024-04-30,San Diego,South Coast,35237.0,117436700.0,Flagged,61.8,,33.408,-117.263,59.2,55.3
City of Poway,2024-04-01,1964.0,CA3710015,2024-04-30,San Diego,South Coast,49779.0,167083359.0,,55.3,,32.980922,-117.18453,59.2,55.3
City of Oceanside,2024-04-01,1777.0,CA3710014,2024-04-30,San Diego,South Coast,173048.0,443447367.0,,54.5,,33.225,-117.308,59.2,55.3
Carlsbad Municipal Water District,2024-04-01,478.0,CA3710005,2024-04-30,San Diego,South Coast,92865.0,353554852.0,,65.2,,33.133,-117.293,59.2,55.3
California American Water Company - San Diego District,2024-04-01,373.0,CA3710001,2024-04-30,San Diego,South Coast,106000.0,224347000.0,,41.9,,32.605,-117.117,59.2,55.3
Yucaipa Valley Water District,2024-04-01,2793.0,CA3610055,2024-04-30,San Bernardino,South Coast,51900.0,173893645.0,,95.8,,34.033154,-117.055743,59.2,72.6
Victorville Water District,2024-04-01,2635.0,CA3610052,2024-04-30,San Bernardino,South Lahontan,124653.0,511304126.0,,82.6,,34.521,-117.368,71.4,72.6
Twentynine Palms Water District,2024-04-01,2530.0,CA3610049,2024-04-30,San Bernardino,Colorado River,18795.0,59309770.0,,84.0,,34.167,-116.09,133.7,72.6
Olivenhain Municipal Water District,2024-04-01,1793.0,CA3710029,2024-04-30,San Diego,South Coast,86614.0,339396626.0,,75.0,,33.046,-117.186,59.2,55.3
Riverside Highland Water Company,2024-04-01,2087.0,CA3610057,2024-04-30,San Bernardino,South Coast,19503.0,80742945.0,,163.2,,34.019,-117.308,59.2,72.6
Phelan Pinon Hills Community Services District,2024-04-01,1896.0,CA3610120,2024-04-30,San Bernardino,South Lahontan,23585.0,54765778.0,,57.1,,34.467,-117.565,71.4,72.6
Monte Vista Water District,2024-04-01,1642.0,CA3610029,2024-04-30,San Bernardino,South Coast,56422.0,169839612.0,,54.1,,34.056,-117.704,59.2,72.6
Lake Arrowhead Community Services District,2024-04-01,1343.0,CA3610005,2024-04-30,San Bernardino,South Lahontan,7008.0,19006889.0,,56.4,,34.254,-117.197,71.4,72.6
Joshua Basin Water District,2024-04-01,1270.0,CA3610025,2024-04-30,San Bernardino,Colorado River,7414.0,33803457.0,,80.9,,34.167,-116.281,133.7,72.6
West Valley Water District,2024-04-01,2690.0,CA3610004,2024-04-30,San Bernardino,South Coast,98055.0,632618873.0,,69.1,,34.14319,-117.381899,59.2,72.6
Running Springs Water District,2024-04-01,2122.0,CA3610062,2024-04-30,San Bernardino,South Lahontan,5268.0,8694192.0,,44.6,,34.20757,-117.11768,71.4,72.6
San Dieguito Water District,2024-04-01,2162.0,CA3710021,2024-04-30,San Diego,South Coast,40103.0,134146339.0,,70.8,,33.049,-117.283,59.2,55.3
Padre Dam Municipal Water District,2024-04-01,1838.0,CA3710037,2024-04-30,San Diego,South Coast,88963.0,206056143.0,,61.4,,32.838,-116.869,59.2,55.3
City of Morro Bay,2024-04-01,1660.0,CA4010011,2024-04-30,San Luis Obispo,Central Coast,15581.0,25337125.0,,33.3,,35.367753,-120.851817,51.0,56.2
Hesperia Water District,2024-04-01,1166.0,CA3610024,2024-04-30,San Bernardino,South Lahontan,100324.0,299746040.0,,52.5,,34.293,-116.934,71.4,72.6
City of Grover Beach,2024-04-01,1110.0,CA4010004,2024-04-30,San Luis Obispo,Central Coast,12701.0,29351835.0,,42.3,,35.12,-120.62,51.0,56.2
Cambria Community Service District,2024-04-01,445.0,CA4010014,2024-04-30,San Luis Obispo,Central Coast,5532.0,12076038.0,,35.9,,35.564,-121.094,51.0,56.2
Atascadero Mutual Water Company,2024-04-01,107.0,CA4010002,2024-04-30,San Luis Obispo,Central Coast,30457.0,87175000.0,,68.7,,35.472,-120.682,51.0,56.2
Mountain House Community Services District,2024-04-01,4231.0,CA3910027,2024-04-30,San Joaquin,San Joaquin River,24040.0,89579000.0,,94.6,,37.784,-121.542,70.9,68.9
City of Tracy,2024-04-01,2496.0,CA3910011,2024-04-30,San Joaquin,San Joaquin River,94538.0,466896085.0,,72.2,,37.727,-121.452,70.9,68.9
City of Stockton,2024-04-01,2381.0,CA3910012,2024-04-30,San Joaquin,San Joaquin River,183046.0,648230100.0,,59.9,,37.993,-121.319,70.9,68.9
Otay Water District,2024-04-01,1821.0,CA3710034,2024-04-30,San Diego,South Coast,227957.0,640623066.0,,55.4,,32.67,-116.925,59.2,55.3
City of Ripon,2024-04-01,2065.0,CA3910007,2024-04-30,San Joaquin,San Joaquin River,15979.0,83392589.0,,118.0,,37.742,-121.131,70.9,68.9
City of Lathrop,2024-04-01,1388.0,CA3910015,2024-04-30,San Joaquin,San Joaquin River,35080.0,130606000.0,,71.2,,37.81,-121.313,70.9,68.9
San Francisco Public Utilities Commission,2024-04-01,2164.0,"CA0110012,CA0110018,CA3810011",2024-04-30,San Francisco,San Francisco Bay,834389.0,1628870282.0,,40.4,,37.755,-122.443,43.6,40.4
Vista Irrigation District,2024-04-01,2649.0,CA3710027,2024-04-30,San Diego,South Coast,132838.0,329801955.0,,31.1,,33.20198,-117.235586,59.2,55.3
Valley Center Municipal Water District,2024-04-01,2604.0,CA3710026,2024-04-30,San Diego,South Coast,29708.0,163316521.0,,65.3,,33.246,-117.055,59.2,55.3
Vallecitos Water District,2024-04-01,2602.0,CA3710002,2024-04-30,San Diego,South Coast,111000.0,484595832.0,,52.8,,33.145082,-117.167608,59.2,55.3
Sweetwater Authority,2024-04-01,2437.0,CA3710025,2024-04-30,San Diego,South Coast,189371.0,399729193.0,,49.9,,32.65,-117.066,59.2,55.3
Rincon Del Diablo Municipal Water District,2024-04-01,2057.0,"CA3710018,CA3710044",2024-04-30,San Diego,South Coast,32522.0,87425823.0,,60.5,,33.111,-117.111,59.2,55.3
Rainbow Municipal Water District,2024-04-01,1990.0,CA3710016,2024-04-30,San Diego,South Coast,23536.0,85161906.0,Flagged,74.4,,33.342,-117.167,59.2,55.3
City of Manteca,2024-04-01,1539.0,CA3910005,2024-04-30,San Joaquin,San Joaquin River,84625.0,327243000.0,,111.0,,37.793,-121.227,70.9,68.9
California Water Service Company Stockton,2024-04-01,424.0,CA3910001,2024-04-30,San Joaquin,San Joaquin River,175026.0,509879638.0,Flagged,47.7,,37.956,-121.283,70.9,68.9
Elk Grove Water District,2024-04-01,835.0,CA3410008,2024-04-30,Sacramento,Sacramento River,42556.0,122595109.0,,65.6,,38.418,-121.354,70.4,69.3
East Valley Water District,2024-04-01,793.0,CA3610064,2024-04-30,San Bernardino,South Coast,103840.0,372470477.0,,70.8,,34.126,-117.191,59.2,72.6
California American Water Company - Sacramento District,2024-04-01,372.0,"CA3110150,CA3410010,CA3410012,CA3410013,CA3410017,CA3410031,CA3410045,CA3410047,CA5700712,CA3410023",2024-04-30,Sacramento,Sacramento River,213513.0,609450000.0,,52.1,,38.694,-121.318,70.4,69.3
Western Municipal Water District of Riverside,2024-04-01,2697.0,"CA3310036,CA3310049,CA3310076",2024-04-30,Riverside,South Coast,99119.0,379408033.0,,94.3,,33.785,-117.389,59.2,85.7
Temescal Valley Water District,2024-04-01,1408.0,CA3310074,2024-04-30,Riverside,South Coast,20526.0,78884322.0,,101.4,,33.769,-117.486,59.2,85.7
Rubidoux Community Service District,2024-04-01,2118.0,CA3310044,2024-04-30,Riverside,South Coast,36827.0,82700000.0,,52.8,,34.001,-117.408,59.2,85.7
Rancho California Water District,2024-04-01,2000.0,CA3310038,2024-04-30,Riverside,South Coast,144088.0,734147027.0,,81.6,,33.512,-117.163,59.2,85.7
Myoma Dunes Mutual Water Company,2024-04-01,1697.0,CA3310051,2024-04-30,Riverside,Colorado River,8948.0,83900000.0,,278.7,,33.743,-116.284,133.7,85.7
Mission Springs Water District,2024-04-01,1626.0,"CA3310008,CA3310078,CA3310081",2024-04-30,Riverside,Colorado River,44103.0,211696948.0,,95.4,,33.972,-116.6,133.7,85.7
Lake Hemet Municipal Water District,2024-04-01,1352.0,CA3310022,2024-04-30,Riverside,South Coast,52913.0,158107312.0,,63.7,,33.739,-116.911,59.2,85.7
Carmichael Water District,2024-04-01,481.0,CA3410004,2024-04-30,Sacramento,Sacramento River,41193.0,160996000.0,,100.7,,38.624,-121.323,70.4,69.3
Jurupa Community Service District,2024-04-01,1273.0,CA3310021,2024-04-30,Riverside,South Coast,133292.0,505365574.0,,92.6,,33.992,-117.516,59.2,85.7
Eastern Municipal Water District,2024-04-01,794.0,CA3310009,2024-04-30,Riverside,South Coast,637387.0,1862898334.0,,57.6,,33.731,-117.1,59.2,85.7
Desert Water Agency,2024-04-01,727.0,CA3310005,2024-04-30,Riverside,Colorado River,73224.0,799366310.0,,209.4,,33.837,-116.576,133.7,85.7
Coachella Valley Water District,2024-04-01,577.0,"CA3310001,CA3310048",2024-04-30,Riverside,Colorado River,274600.0,2288972935.0,,157.9,,33.638,-116.208,133.7,85.7
City of San Jacinto,2024-04-01,2169.0,CA3310032,2024-04-30,Riverside,South Coast,18950.0,51797734.0,,65.9,,33.787,-116.962,59.2,85.7
City of Riverside,2024-04-01,2083.0,CA3310031,2024-04-30,Riverside,South Coast,300488.0,1404355898.0,,60.2,,33.941,-117.408,59.2,85.7
City of Norco,2024-04-01,1732.0,CA3310025,2024-04-30,Riverside,South Coast,24909.0,124107044.0,,78.6,,33.926,-117.552,59.2,85.7
City of Paso Robles,2024-04-01,1875.0,CA4010007,2024-04-30,San Luis Obispo,Central Coast,31221.0,103709000.0,,62.4,,35.639,-120.66,51.0,56.2
City of Indio,2024-04-01,1236.0,CA3310020,2024-04-30,Riverside,Colorado River,82668.0,505756611.0,,116.4,,33.72,-116.228,133.7,85.7
Elsinore Valley Municipal Water District,2024-04-01,842.0,CA3310012,2024-04-30,Riverside,South Coast,165586.0,430448845.0,,57.5,,33.670796,-117.32168,59.2,85.7
Citrus Heights Water District,2024-04-01,561.0,CA3410006,2024-04-30,Sacramento,Sacramento River,66815.0,206692731.0,,88.4,,38.694,-121.27,70.4,69.3
City of Galt,2024-04-01,972.0,CA3410011,2024-04-30,Sacramento,Sacramento River,26536.0,88327530.0,,48.3,,38.267,-121.297,70.4,69.3
City of Sacramento,2024-04-01,2130.0,CA3410020,2024-04-30,Sacramento,Sacramento River,520746.0,1809000000.0,,67.5,,38.565,-121.468,70.4,69.3
Cucamonga Valley Water District,2024-04-01,664.0,CA3610018,2024-04-30,San Bernardino,South Coast,202248.0,809052900.0,,95.6,,34.126,-117.563,59.2,72.6
Crestline Village Water District,2024-04-01,654.0,CA3610015,2024-04-30,San Bernardino,South Lahontan,10030.0,14806029.0,,38.4,,34.242,-117.276,71.4,72.6
City of Upland,2024-04-01,2541.0,CA3610050,2024-04-30,San Bernardino,South Coast,78376.0,318291257.0,Flagged,78.3,,34.118,-117.661,59.2,72.6
City of Rialto,2024-04-01,2049.0,CA3610038,2024-04-30,San Bernardino,South Coast,54453.0,167275611.0,,63.0,,34.104,-117.377,59.2,72.6
City of Redlands,2024-04-01,2035.0,CA3610037,2024-04-30,San Bernardino,South Coast,78025.0,393888689.0,,94.6,,34.055,-117.169,59.2,72.6
City of Ontario,2024-04-01,1795.0,CA3610034,2024-04-30,San Bernardino,South Coast,185010.0,663473042.0,,60.8,,34.038,-117.608,59.2,72.6
City of Chino Hills,2024-04-01,547.0,CA3610036,2024-04-30,San Bernardino,South Coast,77964.0,203568895.0,,67.7,,33.95,-117.725,59.2,72.6
City of Chino,2024-04-01,545.0,CA3610012,2024-04-30,San Bernardino,South Coast,84560.0,324050863.0,,76.6,,34.002,-117.681,59.2,72.6
City of Big Bear Lake,2024-04-01,198.0,"CA3600283,CA3610022,CA3610044",2024-04-30,San Bernardino,South Coast,29864.0,38470205.0,,25.7,,34.244,-116.878,59.2,72.6
City of Adelanto,2024-04-01,13.0,CA3610001,2024-04-30,San Bernardino,South Lahontan,39930.0,111625740.0,,59.7,,34.582,-117.419,71.4,72.6
Big Bear Community Services District,2024-04-01,197.0,CA3610008,2024-04-30,San Bernardino,South Coast,12738.0,20023544.0,,45.5,,34.253,-116.827,59.2,72.6
Apple Valley Ranchos Water Company,2024-04-01,87.0,CA3610003,2024-04-30,San Bernardino,South Lahontan,62890.0,216079996.0,,57.4,,34.505142,-117.218285,71.4,72.6
Sunnyslope County Water District,2024-04-01,2424.0,CA3510003,2024-04-30,San Benito,Central Coast,23499.0,74827360.0,,66.1,,36.834,-121.368,51.0,66.3
City of Hollister,2024-04-01,1188.0,CA3510001,2024-04-30,San Benito,Central Coast,23358.0,52857190.0,,66.5,,36.861,-121.405,51.0,66.3
Sacramento Suburban Water District,2024-04-01,2140.0,CA3410001,2024-04-30,Sacramento,Sacramento River,194444.0,591238000.0,,71.0,,38.65,-121.362,70.4,69.3
Sacramento County Water Agency,2024-04-01,2132.0,"CA3400101,CA3400106,CA3400156,CA3410002,CA3410029,CA3410704",2024-04-30,Sacramento,Sacramento River,213623.0,789846434.0,,65.6,,38.498,-121.306,70.4,69.3
Orangevale Water Company,2024-04-01,1803.0,CA3410016,2024-04-30,Sacramento,Sacramento River,16861.0,66665856.0,,108.1,,38.685,-121.221,70.4,69.3
Golden State Water Company - Cordova,2024-04-01,1036.0,CA3410015,2024-04-30,Sacramento,Sacramento River,47060.0,246205607.0,,75.4,,38.605,-121.275,70.4,69.3
Fair Oaks Water District,2024-04-01,866.0,CA3410009,2024-04-30,Sacramento,Sacramento River,35377.0,171084809.0,,133.8,,38.654,-121.25,70.4,69.3
Golden State Water Company - Barstow,2024-04-01,1030.0,CA3610043,2024-04-30,San Bernardino,South Lahontan,32328.0,122776279.0,,58.8,,34.889,-117.045,71.4,72.6
City of San Luis Obispo,2024-04-01,2182.0,CA4010009,2024-04-30,San Luis Obispo,Central Coast,47653.0,129828814.0,,54.9,,35.272,-120.666,51.0,56.2
City of Rio Vista,2024-04-01,2063.0,CA4810004,2024-04-30,Solano,Sacramento River,10489.0,45704000.0,,107.5,,38.177,-121.703,70.4,61.5
California Water Service Company Bear Gulch,2024-04-01,387.0,CA4110006,2024-04-30,San Mateo,San Francisco Bay,60903.0,221441405.0,,65.3,,37.428,-122.222,43.6,43.4
City of Red Bluff,2024-04-01,2031.0,CA5210004,2024-04-30,Tehama,Sacramento River,14076.0,62581936.0,Flagged,98.4,,40.17,-122.238,70.4,98.4
Yuba City,2024-04-01,2790.0,CA5110002,2024-04-30,Sutter,Sacramento River,75322.0,306960000.0,,60.4,,39.135,-121.625,70.4,60.4
City of Turlock,2024-04-01,2524.0,CA5010019,2024-04-30,Stanislaus,San Joaquin River,72682.0,483315800.0,,88.5,,37.504,-120.854,70.9,78.6
City of Riverbank,2024-04-01,2074.0,CA5010018,2024-04-30,Stanislaus,San Joaquin River,24834.0,85296000.0,,103.0,,37.73,-120.938,70.9,78.6
City of Patterson,2024-04-01,1877.0,CA5010017,2024-04-30,Stanislaus,San Joaquin River,23304.0,94317365.0,,67.0,,37.48,-121.107,70.9,78.6
City of Oakdale,2024-04-01,1765.0,CA5010014,2024-04-30,Stanislaus,San Joaquin River,23235.0,85560000.0,,115.7,,37.762,-120.845,70.9,78.6
City of Newman,2024-04-01,1729.0,CA5010013,2024-04-30,Stanislaus,San Joaquin River,12351.0,54784000.0,,69.4,,37.317,-121.025,70.9,78.6
City of Modesto,2024-04-01,1631.0,"CA5010005,CA5010010,CA5010023,CA5010029,CA5010031,CA5010033,CA5010034,CA5010035",2024-04-30,Stanislaus,San Joaquin River,237114.0,1038615776.0,,73.9,,37.653218,-120.986742,70.9,78.6
California Water Service Company Visalia,2024-04-01,427.0,"CA5400935,CA5410016,CA5410041",2024-04-30,Tulare,Tulare Lake,146647.0,634558694.0,,83.3,,36.323,-119.306,86.5,79.2
City of Ceres,2024-04-01,522.0,CA5010028,2024-04-30,Stanislaus,San Joaquin River,48706.0,141819000.0,,63.8,,37.597,-120.956,70.9,78.6
Valley of The Moon Water District,2024-04-01,2610.0,CA4910013,2024-04-30,Sonoma,San Francisco Bay,23077.0,34522903.0,,44.1,,38.32,-122.5,43.6,50.0
Sweetwater Springs Water District,2024-04-01,2438.0,"CA4910004,CA4910028",2024-04-30,Sonoma,North Coast,9000.0,16160250.0,,56.7,,38.486,-123.002,48.7,50.0
City of Sonoma,2024-04-01,2326.0,CA4910012,2024-04-30,Sonoma,San Francisco Bay,11725.0,41121777.0,,71.7,,38.29,-122.457,43.6,50.0
City of Santa Rosa,2024-04-01,2224.0,CA4910009,2024-04-30,Sonoma,North Coast,175775.0,401406171.0,,45.2,,38.448,-122.7,48.7,50.0
City of Rohnert Park,2024-04-01,2103.0,CA4910014,2024-04-30,Sonoma,North Coast,42484.0,109586701.0,,61.5,,38.348,-122.696,48.7,50.0
City of Petaluma,2024-04-01,1894.0,CA4910006,2024-04-30,Sonoma,San Francisco Bay,61304.0,163331155.0,,49.7,,38.243,-122.628,43.6,50.0
City of Healdsburg,2024-04-01,1144.0,CA4910005,2024-04-30,Sonoma,North Coast,11174.0,33465414.0,,47.5,,38.622,-122.866,48.7,50.0
City of Cloverdale,2024-04-01,572.0,CA4910002,2024-04-30,Sonoma,North Coast,10557.0,22108300.0,,53.7,,38.799,-123.019,48.7,50.0
Windsor Town of,2024-04-01,2751.0,CA4910017,2024-04-30,Sonoma,North Coast,25985.0,62792742.0,,57.3,,38.543,-122.804,48.7,50.0
Suisun - Solano Water Authority,2024-04-01,2405.0,CA4810005,2024-04-30,Solano,San Francisco Bay,29530.0,73710000.0,,52.6,,38.249,-122.006,43.6,61.5
City of Dinuba,2024-04-01,737.0,CA5410002,2024-04-30,Tulare,Tulare Lake,26913.0,104418188.0,,62.5,,36.545,-119.394,86.5,79.2
Groveland Community Services District,2024-04-01,1109.0,CA5510009,2024-04-30,Tuolumne,San Joaquin River,3400.0,8024000.0,,54.6,,37.839,-120.208,70.9,54.6
City of Hemet,2024-04-01,1157.0,CA3310016,2024-04-30,Riverside,South Coast,33828.0,85727488.0,,53.7,,33.742,-116.983,59.2,85.7
California Water Service Company Marysville,2024-04-01,405.0,CA5810001,2024-04-30,Yuba,Sacramento River,12266.0,37882248.0,,54.7,,39.153,-121.582,70.4,77.1
City of Woodland,2024-04-01,2766.0,CA5710006,2024-04-30,Yolo,Sacramento River,61032.0,207298953.0,Flagged,63.3,,38.676,-121.765,70.4,70.9
City of Davis,2024-04-01,678.0,CA5710001,2024-04-30,Yolo,Sacramento River,67217.0,205754000.0,,77.9,,38.554,-121.733,70.4,70.9
Ventura County Waterworks District No 08 - Simi Valley,2024-04-01,2631.0,CA5610023,2024-04-30,Ventura,South Coast,94738.0,281363017.0,,63.4,,34.27,-118.747,59.2,59.9
Ventura County Waterworks District No 01 - Moorpark,2024-04-01,2629.0,CA5610018,2024-04-30,Ventura,South Coast,36625.0,128681818.0,,69.4,,34.302,-118.883,59.2,59.9
Triunfo Sanitation District/Oak Park Water Service,2024-04-01,2510.0,CA5610043,2024-04-30,Ventura,South Coast,13898.0,34703132.0,,75.5,,34.182,-118.768,59.2,59.9
Golden State Water Company - Simi Valley,2024-04-01,1057.0,CA5610059,2024-04-30,Ventura,South Coast,44640.0,104243290.0,,58.5,,34.262,-118.729,59.2,59.9
City of Tulare,2024-04-01,2516.0,CA5410015,2024-04-30,Tulare,Tulare Lake,70733.0,341721000.0,,77.0,,36.204,-119.336,86.5,79.2
City of Thousand Oaks,2024-04-01,2469.0,CA5610020,2024-04-30,Ventura,South Coast,53157.0,167845850.0,,73.0,,34.201,-118.85,59.2,59.9
City of Port Hueneme,2024-04-01,1953.0,CA5610009,2024-04-30,Ventura,South Coast,21954.0,39411678.0,,43.3,,34.161,-119.197,59.2,59.9
City of Oxnard,2024-04-01,1827.0,CA5610007,2024-04-30,Ventura,South Coast,200232.0,502895163.0,,46.5,,34.176,-119.171,59.2,59.9
City of Fillmore,2024-04-01,890.0,CA5610002,2024-04-30,Ventura,South Coast,16419.0,47389892.0,,59.3,,34.399,-118.915,59.2,59.9
City of (Ventura) San Buenaventura,2024-04-01,2158.0,CA5610017,2024-04-30,Ventura,South Coast,110763.0,287785086.0,,54.3,,34.278,-119.225,59.2,59.9
Casitas Municipal Water District,2024-04-01,495.0,"CA5610014,CA5610024",2024-04-30,Ventura,South Coast,17806.0,74827967.0,,68.5,,34.383,-119.295,59.2,59.9
Camrosa Water District,2024-04-01,467.0,CA5610063,2024-04-30,Ventura,South Coast,32700.0,128187812.0,,81.2,,34.231,-118.942,59.2,59.9
California Water Service Company Westlake,2024-04-01,428.0,CA5610016,2024-04-30,Ventura,South Coast,19512.0,108881205.0,,110.2,,34.173,-118.816,59.2,59.9
California American Water Company - Ventura District,2024-04-01,376.0,"CA5610040,CA5610081",2024-04-30,Ventura,South Coast,68848.0,248109000.0,,63.7,,34.191,-118.925,59.2,59.9
City of Santa Paula,2024-04-01,2222.0,CA5610011,2024-04-30,Ventura,South Coast,30759.0,83416935.0,,62.1,,34.342,-119.095,59.2,59.9
City of Vacaville,2024-04-01,2597.0,CA4810008,2024-04-30,Solano,Sacramento River,97155.0,320854000.0,,79.5,,38.36,-121.968,70.4,61.5
City of Fairfield,2024-04-01,867.0,CA4810003,2024-04-30,Solano,Sacramento River,119897.0,393750000.0,,48.5,,38.214,-122.117,70.4,61.5
City of Benicia,2024-04-01,178.0,CA4810001,2024-04-30,Solano,San Francisco Bay,27131.0,82600000.0,,50.9,,38.072,-122.153,43.6,61.5
Golden State Water Company - Orcutt,2024-04-01,1052.0,CA4210016,2024-04-30,Santa Barbara,Central Coast,33364.0,109944943.0,,73.5,,34.872,-120.427,51.0,50.7
City of Santa Maria,2024-04-01,2218.0,CA4210011,2024-04-30,Santa Barbara,Central Coast,109910.0,251873048.0,,50.9,,34.934,-120.441,51.0,50.7
City of Santa Barbara,2024-04-01,2209.0,CA4210010,2024-04-30,Santa Barbara,Central Coast,98420.0,191614916.0,,45.1,,34.429,-119.71,51.0,50.7
City of Lompoc,2024-04-01,1459.0,CA4210006,2024-04-30,Santa Barbara,Central Coast,41079.0,87917066.0,,47.8,,34.65,-120.459,51.0,50.7
Carpinteria Valley Water District,2024-04-01,485.0,CA4210001,2024-04-30,Santa Barbara,Central Coast,15996.0,-18724785.0,Flagged,50.8,,34.413,-119.51,51.0,50.7
Westborough Water District,2024-04-01,2691.0,CA4110027,2024-04-30,San Mateo,San Francisco Bay,13486.0,19367066.0,,39.8,,37.643,-122.456,43.6,43.4
Redwood City,2024-04-01,2037.0,CA4110022,2024-04-30,San Mateo,San Francisco Bay,89037.0,199773271.0,,46.2,,37.499,-122.229,43.6,43.4
Mid-Peninsula Water District,2024-04-01,1605.0,CA4110001,2024-04-30,San Mateo,San Francisco Bay,28050.0,56855480.0,,51.3,,37.515,-122.294,43.6,43.4
Goleta Water District,2024-04-01,1068.0,CA4210004,2024-04-30,Santa Barbara,Central Coast,84462.0,211344678.0,,40.6,,34.442,-119.818,51.0,50.7
Hillsborough Town of,2024-04-01,1181.0,CA4110016,2024-04-30,San Mateo,San Francisco Bay,11387.0,28366880.0,,67.9,,37.557,-122.358,43.6,43.4
Daly City,2024-04-01,673.0,CA4110013,2024-04-30,San Mateo,San Francisco Bay,108599.0,168072323.0,,30.3,,37.685,-122.476,43.6,43.4
Coastside County Water District,2024-04-01,583.0,CA4110011,2024-04-30,San Mateo,San Francisco Bay,18789.0,37189175.0,,39.7,,37.472,-122.444,43.6,43.4
City of San Bruno,2024-04-01,2157.0,CA4110023,2024-04-30,San Mateo,San Francisco Bay,46085.0,81030489.0,,35.9,,37.626,-122.432,43.6,43.4
City of Millbrae,2024-04-01,1613.0,CA4110018,2024-04-30,San Mateo,San Francisco Bay,22795.0,48264558.0,,43.9,,37.6,-122.403,43.6,43.4
City of Menlo Park,2024-04-01,1587.0,CA4110017,2024-04-30,San Mateo,San Francisco Bay,19297.0,62409455.0,,34.8,,37.461,-122.176,43.6,43.4
City of Burlingame,2024-04-01,286.0,CA4110003,2024-04-30,San Mateo,San Francisco Bay,31919.0,87313026.0,,42.8,,37.589,-122.36,43.6,43.4
California Water Service Company South San Francisco,2024-04-01,422.0,CA4110009,2024-04-30,San Mateo,San Francisco Bay,63439.0,153300443.0,,35.7,,37.661,-122.427,43.6,43.4
California Water Service Company Mid Peninsula,2024-04-01,420.0,"CA4110007,CA4110008",2024-04-30,San Mateo,San Francisco Bay,138116.0,307509183.0,,43.8,,37.533,-122.304,43.6,43.4
Estero Municipal Improvement District,2024-04-01,856.0,CA4110021,2024-04-30,San Mateo,San Francisco Bay,36556.0,100636932.0,,54.6,,37.556,-122.269,43.6,43.4
Montecito Water District,2024-04-01,1645.0,CA4210007,2024-04-30,Santa Barbara,Central Coast,11881.0,59730243.0,,112.6,,34.437,-119.616,51.0,50.7
California Water Service Company Los Altos/Suburban,2024-04-01,402.0,CA4310001,2024-04-30,Santa Clara,San Francisco Bay,70175.0,226527251.0,,55.6,,37.355,-122.072,43.6,38.8
City of Gilroy,2024-04-01,995.0,CA4310004,2024-04-30,Santa Clara,Central Coast,58108.0,111680000.0,,54.0,,37.005,-121.585,51.0,38.8
California Water Service Company Dixon,2024-04-01,390.0,CA4810002,2024-04-30,Solano,Sacramento River,10616.0,29325000.0,,48.5,,38.446,-121.826,70.4,61.5
City of Yreka,2024-04-01,2789.0,CA4710011,2024-04-30,Siskiyou,North Coast,7746.0,45260000.0,,68.0,,41.73,-122.631,48.7,68.0
City of Shasta Lake,2024-04-01,2273.0,CA4510006,2024-04-30,Shasta,Sacramento River,10657.0,37225892.0,,67.3,,40.679,-122.378,70.4,85.5
City of Redding,2024-04-01,2033.0,CA4510005,2024-04-30,Shasta,Sacramento River,87741.0,400094368.0,,86.0,,40.574,-122.376,70.4,85.5
City of Anderson,2024-04-01,66.0,CA4510001,2024-04-30,Shasta,Sacramento River,11147.0,47393000.0,,88.3,,40.45,-122.294,70.4,85.5
Bella Vista Water District,2024-04-01,167.0,CA4510014,2024-04-30,Shasta,Sacramento River,18612.0,101725079.0,,92.3,,40.62,-122.28,70.4,85.5
Soquel Creek Water District,2024-04-01,2330.0,CA4410017,2024-04-30,Santa Cruz,Central Coast,40644.0,67325875.0,,40.0,,36.992,-121.919,51.0,40.8
Scotts Valley Water District,2024-04-01,2237.0,CA4410013,2024-04-30,Santa Cruz,Central Coast,10709.0,24233111.0,,44.7,,37.062,-122.006,51.0,40.8
City of Watsonville,2024-04-01,2669.0,CA4410011,2024-04-30,Santa Cruz,Central Coast,65231.0,147927711.0,,46.5,,36.942,-121.778,51.0,40.8
City of Santa Cruz,2024-04-01,2213.0,CA4410010,2024-04-30,Santa Cruz,Central Coast,95939.0,199709000.0,,36.9,,36.985,-122.034,51.0,40.8
San Jose Water Company,2024-04-01,2175.0,"CA4310011,CA4310018",2024-04-30,Santa Clara,San Francisco Bay,1024044.0,1800271456.0,Flagged,31.6,,37.296,-121.91,43.6,38.8
Great Oaks Water Company Incorporated,2024-04-01,1083.0,CA4310022,2024-04-30,Santa Clara,San Francisco Bay,108902.0,213054353.0,,37.9,,37.246,-121.799,43.6,38.8
City of Sunnyvale,2024-04-01,2425.0,CA4310014,2024-04-30,Santa Clara,San Francisco Bay,155567.0,450529047.0,,54.8,,37.378,-122.023,43.6,38.8
City of Santa Clara,2024-04-01,2210.0,CA4310012,2024-04-30,Santa Clara,San Francisco Bay,130746.0,410290000.0,,45.6,,37.365,-121.968,43.6,38.8
City of San Jose,2024-04-01,2174.0,"CA4310019,CA4310020",2024-04-30,Santa Clara,San Francisco Bay,136189.0,333963968.0,,41.8,,37.282,-121.791,43.6,38.8
City of Palo Alto,2024-04-01,1851.0,CA4310009,2024-04-30,Santa Clara,San Francisco Bay,67973.0,272094458.0,,52.1,,37.391,-122.146,43.6,38.8
City of Mountain View,2024-04-01,1671.0,CA4310007,2024-04-30,Santa Clara,San Francisco Bay,81756.0,225825576.0,,48.9,,37.402,-122.08,43.6,38.8
City of Morgan Hill,2024-04-01,1656.0,CA4310006,2024-04-30,Santa Clara,Central Coast,47374.0,145063000.0,,63.3,,37.133,-121.642,51.0,38.8
City of Milpitas,2024-04-01,1619.0,CA4310005,2024-04-30,Santa Clara,San Francisco Bay,77961.0,208433509.0,,21.3,,37.432,-121.899,43.6,38.8
Nipomo Community Service District,2024-04-01,1731.0,CA4010026,2024-04-30,San Luis Obispo,Central Coast,13771.0,38832993.0,,66.4,,35.043,-120.505,51.0,56.2
City of Corona,2024-04-01,624.0,CA3310037,2024-04-30,Riverside,South Coast,168751.0,760228640.0,,70.8,,33.86,-117.565,59.2,85.7
City of Monrovia,2024-04-01,1639.0,CA1910090,2024-04-30,Los Angeles,South Coast,37787.0,132036313.0,,81.9,,34.166,-117.992,59.2,56.5
City of Blythe,2024-04-01,241.0,CA3310003,2024-04-30,Riverside,Colorado River,9890.0,60258406.0,,126.2,,33.611,-114.584,133.7,85.7
California Water Service Company Dominguez,2024-04-01,391.0,CA1910033,2024-04-30,Los Angeles,South Coast,143464.0,589994636.0,,52.0,,33.839,-118.271,59.2,56.5
California American Water Company - Los Angeles Division,2024-04-01,368.0,"CA1910052,CA1910139,CA1910186",2024-04-30,Los Angeles,South Coast,93293.0,331946500.0,,73.0,,34.135,-117.963,59.2,56.5
Bellflower - Somerset Mutual Water Company,2024-04-01,170.0,CA1910013,2024-04-30,Los Angeles,South Coast,46300.0,118192675.0,,50.2,,33.883349,-118.125386,59.2,56.5
Azusa Light and Water,2024-04-01,117.0,CA1910007,2024-04-30,Los Angeles,South Coast,110044.0,381774323.0,,52.7,,34.117,-117.913,59.2,56.5
City of Susanville,2024-04-01,2432.0,CA1810001,2024-04-30,Lassen,North Lahontan,7811.0,44531000.0,Flagged,86.4,,40.422,-120.651,41.3,86.4
City of Lemoore,2024-04-01,1415.0,CA1610005,2024-04-30,Kings,Tulare Lake,27038.0,149705170.0,,89.2,,36.296,-119.798,86.5,84.4
City of Hanford,2024-04-01,1125.0,CA1610003,2024-04-30,Kings,Tulare Lake,62127.0,253054221.0,,80.1,,36.325,-119.649,86.5,84.4
City of Corcoran,2024-04-01,618.0,CA1610004,2024-04-30,Kings,Tulare Lake,21835.0,127810000.0,,91.0,,36.095,-119.569,86.5,84.4
California Water Service Company East Los Angeles,2024-04-01,392.0,CA1910036,2024-04-30,Los Angeles,South Coast,151902.0,322863427.0,,35.0,,34.033,-118.169,59.2,56.5
West Kern Water District,2024-04-01,2679.0,CA1510022,2024-04-30,Kern,Tulare Lake,19832.0,244205773.0,,73.7,,35.193,-119.475,86.5,71.9
Lamont Public Utility District,2024-04-01,1371.0,CA1510012,2024-04-30,Kern,Tulare Lake,19057.0,87110000.0,,70.6,,35.249,-118.917,86.5,71.9
Indian Wells Valley Water District,2024-04-01,1234.0,CA1510017,2024-04-30,Kern,South Lahontan,39478.0,152685400.0,,75.2,,35.616,-117.693,71.4,71.9
Greenfield County Water District,2024-04-01,1094.0,CA1510024,2024-04-30,Kern,Tulare Lake,11411.0,58380674.0,,114.0,,35.276119,-119.010861,86.5,71.9
East Niles Community Services District,2024-04-01,784.0,CA1510006,2024-04-30,Kern,Tulare Lake,32517.0,176103799.0,,103.3,,35.37,-118.923,86.5,71.9
City of Wasco,2024-04-01,2662.0,CA1510021,2024-04-30,Kern,Tulare Lake,22608.0,80120000.0,,66.7,,35.594,-119.367,86.5,71.9
City of Tehachapi,2024-04-01,2451.0,CA1510020,2024-04-30,Kern,Tulare Lake,9094.0,30665201.0,,66.7,,35.127,-118.472,86.5,71.9
City of Shafter,2024-04-01,2260.0,CA1510019,2024-04-30,Kern,Tulare Lake,21036.0,96315000.0,,66.4,,35.488,-119.231,86.5,71.9
City of Delano,2024-04-01,711.0,CA1510005,2024-04-30,Kern,Tulare Lake,51428.0,198471000.0,,60.7,,35.763,-119.245,86.5,71.9
Rosamond Community Service District,2024-04-01,2107.0,CA1510018,2024-04-30,Kern,South Lahontan,17516.0,53960964.0,,82.4,,34.866,-118.186,71.4,71.9
California Water Service Company Kern River Valley,2024-04-01,397.0,"CA1500407,CA1510026,CA1510033,CA1510039,CA1510043,CA1510049,CA1510056",2024-04-30,Kern,Tulare Lake,5593.0,13932000.0,,55.2,,35.754,-118.423,86.5,71.9
California Water Service Company Hermosa/Redondo,2024-04-01,396.0,CA1910134,2024-04-30,Los Angeles,South Coast,96657.0,229348763.0,,57.0,,33.852,-118.382,59.2,56.5
City of Alhambra,2024-04-01,30.0,CA1910001,2024-04-30,Los Angeles,South Coast,83750.0,202096720.0,,65.6,,34.084,-118.136,59.2,56.5
City of Paramount,2024-04-01,1866.0,CA1910105,2024-04-30,Los Angeles,South Coast,55200.0,123445393.0,,46.8,,33.896,-118.166,59.2,56.5
City of Monterey Park,2024-04-01,1650.0,CA1910092,2024-04-30,Los Angeles,South Coast,62183.0,157150000.0,,50.0,,34.05,-118.132,59.2,56.5
City of Manhattan Beach,2024-04-01,1536.0,CA1910083,2024-04-30,Los Angeles,South Coast,34668.0,103034086.0,,54.8,,33.889,-118.397,59.2,56.5
City of Lynwood,2024-04-01,1506.0,CA1910079,2024-04-30,Los Angeles,South Coast,66967.0,111258565.0,,27.7,,33.925,-118.202,59.2,56.5
City of Long Beach,2024-04-01,1464.0,CA1910065,2024-04-30,Los Angeles,South Coast,460682.0,1084613694.0,,54.9,,33.804,-118.163,59.2,56.5
City of Lomita,2024-04-01,1456.0,CA1910073,2024-04-30,Los Angeles,South Coast,20256.0,41725221.0,,61.3,,33.795,-118.318,59.2,56.5
City of Lakewood,2024-04-01,1370.0,CA1910239,2024-04-30,Los Angeles,South Coast,63066.0,145388199.0,,30.2,,33.848,-118.131,59.2,56.5
City of Inglewood,2024-04-01,1238.0,CA1910051,2024-04-30,Los Angeles,South Coast,82041.0,194737356.0,,47.1,,33.96,-118.345,59.2,56.5
California Water Service Company Palos Verdes,2024-04-01,413.0,CA1910104,2024-04-30,Los Angeles,South Coast,70819.0,298027000.0,,100.0,,33.766,-118.366,59.2,56.5
City of Huntington Park,2024-04-01,1217.0,CA1910049,2024-04-30,Los Angeles,South Coast,15275.0,102704977.0,,190.1,,33.979,-118.218,59.2,56.5
City of Glendora,2024-04-01,1005.0,CA1910044,2024-04-30,Los Angeles,South Coast,52558.0,180680000.0,,95.5,,34.135,-117.85,59.2,56.5
City of Glendale,2024-04-01,1004.0,CA1910043,2024-04-30,Los Angeles,South Coast,201334.0,607787166.0,,54.2,,34.18,-118.247,59.2,56.5
City of Downey,2024-04-01,748.0,CA1910034,2024-04-30,Los Angeles,South Coast,109946.0,299685165.0,,66.2,,33.944,-118.131,59.2,56.5
City of Covina,2024-04-01,644.0,CA1910127,2024-04-30,Los Angeles,South Coast,33300.0,98214750.0,,75.7,,34.085,-117.878,59.2,56.5
City of Compton,2024-04-01,607.0,CA1910026,2024-04-30,Los Angeles,South Coast,74877.0,159513453.0,Flagged,51.3,,33.896,-118.225,59.2,56.5
City of Cerritos,2024-04-01,524.0,CA1910019,2024-04-30,Los Angeles,South Coast,49578.0,155339689.0,,59.6,,33.868,-118.068,59.2,56.5
City of Beverly Hills,2024-04-01,193.0,CA1910156,2024-04-30,Los Angeles,South Coast,40856.0,213886362.0,,108.8,,34.079,-118.4,59.2,56.5
City of Arcadia,2024-04-01,93.0,CA1910003,2024-04-30,Los Angeles,South Coast,44738.0,251344843.0,,113.6,,34.135,-118.038,59.2,56.5
City of Hawthorne,2024-04-01,1142.0,CA1910047,2024-04-30,Los Angeles,South Coast,44729.0,95967742.0,Flagged,48.8,,33.917,-118.347,59.2,56.5
California Water Service Company Bakersfield,2024-04-01,386.0,"CA1510003,CA1510055",2024-04-30,Kern,Tulare Lake,288833.0,1197848103.0,,70.1,,35.372675,-118.985538,86.5,71.9
California City,2024-04-01,378.0,CA1510032,2024-04-30,Kern,South Lahontan,14198.0,54035871.0,,58.9,,35.158,-117.872,71.4,71.9
Bear Valley Community Services District,2024-04-01,155.0,CA1510038,2024-04-30,Kern,Tulare Lake,5592.0,18609351.0,,55.0,,35.18098,-118.74687,86.5,71.9
City of Pittsburg,2024-04-01,1925.0,CA0710008,2024-04-30,Contra Costa,San Francisco Bay,62500.0,204591000.0,,59.3,,38.019,-121.897,43.6,60.5
City of Martinez,2024-04-01,1554.0,CA0710006,2024-04-30,Contra Costa,San Francisco Bay,28518.0,104668000.0,,47.7,,37.996,-122.122,43.6,60.5
City of Brentwood,2024-04-01,264.0,CA0710004,2024-04-30,Contra Costa,San Joaquin River,64342.0,236843000.0,,78.5,,37.936,-121.719,70.9,60.5
City of Antioch,2024-04-01,82.0,CA0710001,2024-04-30,Contra Costa,San Joaquin River,115074.0,395700000.0,Flagged,61.0,,37.98,-121.797,70.9,60.5
Calaveras County Water District,2024-04-01,351.0,"CA0510004,CA0510005,CA0510006,CA0510016,CA0510017,CA0510019",2024-04-30,Calaveras,San Joaquin River,27980.0,91408760.0,,72.7,,38.261,-120.688,70.9,72.7
Thermalito Water and Sewer District,2024-04-01,2466.0,CA0410008,2024-04-30,Butte,Sacramento River,12136.0,38193000.0,,69.9,,39.543,-121.591,70.4,62.6
South Feather Water and Power,2024-04-01,2337.0,"CA0410006,CA0410012",2024-04-30,Butte,Sacramento River,22803.0,91071000.0,,72.6,,39.593835,-121.263753,70.4,62.6
Del Oro Water Company,2024-04-01,699.0,CA0410011,2024-04-30,Butte,Sacramento River,10900.0,15633200.0,,32.5,,39.815,-121.6,70.4,62.6
Contra Costa Water District,2024-04-01,613.0,CA0710003,2024-04-30,Contra Costa,San Francisco Bay,198000.0,671725056.0,,55.4,,37.958,-121.896,43.6,60.5
California Water Service Company Oroville,2024-04-01,412.0,CA0410005,2024-04-30,Butte,Sacramento River,11056.0,35855782.0,,45.2,,39.498,-121.559,70.4,62.6
Amador Water Agency,2024-04-01,55.0,"CA0310002,CA0310003,CA0310012,CA0310019,CA0310021",2024-04-30,Amador,San Joaquin River,23548.0,58176531.0,,37.0,,38.382,-120.794,70.9,37.0
Dublin San Ramon Services District,2024-04-01,759.0,CA0110009,2024-04-30,Alameda,San Francisco Bay,98776.0,224958000.0,,56.5,,37.732,-121.9,43.6,53.8
City of Pleasanton,2024-04-01,1940.0,CA0110008,2024-04-30,Alameda,San Francisco Bay,79871.0,283673000.0,,46.4,,37.662,-121.886,43.6,53.8
City of Livermore,2024-04-01,1443.0,CA0110011,2024-04-30,Alameda,San Francisco Bay,35672.0,124710000.0,,44.4,,37.688,-121.756,43.6,53.8
City of Hayward,2024-04-01,1143.0,CA0110006,2024-04-30,Alameda,San Francisco Bay,159293.0,358624620.0,,47.8,,37.645,-122.079,43.6,53.8
California Water Service Company Livermore,2024-04-01,401.0,CA0110003,2024-04-30,Alameda,San Francisco Bay,60215.0,166030390.0,,54.4,,37.676,-121.754,43.6,53.8
Alameda County Water District,2024-04-01,23.0,CA0110001,2024-04-30,Alameda,San Francisco Bay,344855.0,981390853.0,,58.3,,37.538,-122.021,43.6,53.8
Linda County Water District,2024-04-01,1427.0,CA5810002,2024-04-30,Yuba,Sacramento River,21654.0,76618030.0,,79.4,,39.122,-121.553,70.4,77.1
California Water Service Company Chico District,2024-04-01,388.0,"CA0410002,CA1110002",2024-04-30,Butte,Sacramento River,112270.0,421300922.0,,64.5,,39.746,-121.835,70.4,62.6
Diablo Water District,2024-04-01,731.0,CA0710007,2024-04-30,Contra Costa,San Joaquin River,43357.0,135827500.0,,74.2,,37.993,-121.696,70.9,60.5
Golden State Water Company - Bay Point,2024-04-01,1031.0,CA0710002,2024-04-30,Contra Costa,San Francisco Bay,23693.0,43238153.0,,46.4,,38.029,-121.958,43.6,60.5
Crescent City,2024-04-01,649.0,CA0810001,2024-04-30,Del Norte,North Coast,16711.0,43643968.0,,26.8,,41.787,-124.177,48.7,26.8
Arvin Community Service District,2024-04-01,102.0,CA1510001,2024-04-30,Kern,Tulare Lake,19669.0,62437000.0,,69.3,,35.202,-118.834,86.5,71.9
City of Imperial,2024-04-01,1225.0,CA1310006,2024-04-30,Imperial,Colorado River,21347.0,78807000.0,,110.1,,32.846,-115.574,133.7,87.6
City of Calexico,2024-04-01,353.0,CA1310002,2024-04-30,Imperial,Colorado River,40357.0,135750000.0,,69.1,,32.685,-115.494,133.7,87.6
City of Brawley,2024-04-01,262.0,CA1310001,2024-04-30,Imperial,Colorado River,26928.0,141825000.0,,97.4,,32.982,-115.532,133.7,87.6
McKinleyville Community Services District,2024-04-01,1570.0,CA1210016,2024-04-30,Humboldt,North Coast,16900.0,35192000.0,,48.8,,40.954,-124.089,48.7,48.4
Humboldt Community Services District,2024-04-01,1210.0,CA1210009,2024-04-30,Humboldt,North Coast,19726.0,45782896.0,,45.5,,40.754,-124.152,48.7,48.4
City of Fortuna,2024-04-01,920.0,CA1210006,2024-04-30,Humboldt,North Coast,12133.0,27600000.0,,44.8,,40.587,-124.142,48.7,48.4
City of Eureka,2024-04-01,859.0,CA1210004,2024-04-30,Humboldt,North Coast,27078.0,82002000.0,,52.4,,40.797,-124.154,48.7,48.4
City of Arcata,2024-04-01,94.0,"CA1210001,CA1210021",2024-04-30,Humboldt,North Coast,21286.0,56925700.0,,47.5,,40.862,-124.075,48.7,48.4
City of Reedley,2024-04-01,2042.0,CA1010027,2024-04-30,Fresno,Tulare Lake,25227.0,99814000.0,,50.2,,36.597,-119.448,86.5,98.6
City of Kingsburg,2024-04-01,1304.0,CA1010019,2024-04-30,Fresno,Tulare Lake,12380.0,64903000.0,,107.6,,36.52,-119.556,86.5,98.6
City of Kerman,2024-04-01,1286.0,CA1010018,2024-04-30,Fresno,Tulare Lake,16995.0,67239000.0,,87.7,,36.725,-120.064,86.5,98.6
City of Fresno,2024-04-01,934.0,CA1010007,2024-04-30,Fresno,Tulare Lake,545466.0,2517261000.0,,111.0,,36.779,-119.794,86.5,98.6
City of Coalinga,2024-04-01,578.0,CA1010004,2024-04-30,Fresno,Tulare Lake,17277.0,84069558.0,,81.0,,36.148,-120.354,86.5,98.6
City of Clovis,2024-04-01,574.0,CA1010003,2024-04-30,Fresno,Tulare Lake,125722.0,522035000.0,,66.5,,36.826,-119.687,86.5,98.6
California Water Service Company Selma,2024-04-01,421.0,CA1010024,2024-04-30,Fresno,Tulare Lake,26360.0,80061519.0,,64.0,,36.578,-119.619,86.5,98.6
Bakman Water Company,2024-04-01,124.0,CA1010001,2024-04-30,Fresno,Tulare Lake,17393.0,58058790.0,,82.8,,36.746,-119.708,86.5,98.6
Georgetown Divide Public Utility District,2024-04-01,990.0,CA0910013,2024-04-30,El Dorado,Sacramento River,9409.0,33021000.0,,70.5,,38.877,-120.91,70.4,66.2
El Dorado Irrigation District,2024-04-01,816.0,"CA0910001,CA0910017,CA0910018",2024-04-30,El Dorado,Sacramento River,132462.0,427474580.0,,65.9,,38.7346,-120.78864,70.4,66.2
City of Pasadena,2024-04-01,1873.0,CA1910124,2024-04-30,Los Angeles,South Coast,170950.0,533270147.0,,48.8,,34.158,-118.134,59.2,56.5
City of Coachella,2024-04-01,575.0,CA3310007,2024-04-30,Riverside,Colorado River,42554.0,218800000.0,,106.6,,33.681,-116.158,133.7,85.7
City of Pico Rivera,2024-04-01,1899.0,CA1910042,2024-04-30,Los Angeles,South Coast,40600.0,89152834.0,,47.6,,33.996,-118.088,59.2,56.5
City of San Fernando,2024-04-01,2163.0,CA1910143,2024-04-30,Los Angeles,South Coast,23946.0,60477946.0,,41.8,,34.289,-118.436,59.2,56.5
City of San Juan Capistrano,2024-04-01,2177.0,CA3010030,2024-04-30,Orange,South Coast,38958.0,132243370.0,,63.6,,33.499,-117.655,59.2,60.9
City of Orange,2024-04-01,1797.0,CA3010027,2024-04-30,Orange,South Coast,117150.0,527791618.0,Flagged,111.2,,33.806,-117.83,59.2,60.9
City of Newport Beach,2024-04-01,1730.0,CA3010023,2024-04-30,Orange,South Coast,68572.0,325903136.0,,79.8,,33.61386,-117.85718,59.2,60.9
City of La Palma,2024-04-01,1327.0,CA3010100,2024-04-30,Orange,South Coast,15948.0,36984088.0,,74.6,,33.85,-118.054,59.2,60.9
City of La Habra,2024-04-01,1324.0,CA3010018,2024-04-30,Orange,South Coast,63118.0,175573830.0,,64.5,,33.928,-117.951,59.2,60.9
City of Huntington Beach,2024-04-01,1215.0,CA3010053,2024-04-30,Orange,South Coast,201000.0,546224031.0,,60.4,,33.695,-118.002,59.2,60.9
City of Garden Grove,2024-04-01,977.0,CA3010062,2024-04-30,Orange,South Coast,174226.0,490964274.0,,26.8,,33.779,-117.96,59.2,60.9
City of Fullerton,2024-04-01,967.0,CA3010010,2024-04-30,Orange,South Coast,141874.0,437769340.0,,52.2,,33.884,-117.928,59.2,60.9
City of Santa Ana,2024-04-01,2207.0,CA3010038,2024-04-30,Orange,South Coast,337716.0,756723976.0,,48.1,,33.737,-117.882,59.2,60.9
City of Fountain Valley,2024-04-01,924.0,CA3010069,2024-04-30,Orange,South Coast,56747.0,251296291.0,,54.0,,33.71,-117.951,59.2,60.9
City of Brea,2024-04-01,263.0,CA3010002,2024-04-30,Orange,South Coast,47589.0,213197792.0,,70.8,,33.925,-117.865,59.2,60.9
City of Anaheim,2024-04-01,64.0,CA3010001,2024-04-30,Orange,South Coast,341245.0,1288121588.0,,61.0,,33.838,-117.859,59.2,60.9
Truckee - Donner Public Utilities District,2024-04-01,2512.0,CA2910003,2024-04-30,Nevada,North Lahontan,36730.0,72749563.0,,31.3,,39.344,-120.202,41.3,31.3
Marina Coast Water District,2024-04-01,1547.0,CA2710017,2024-04-30,Monterey,Central Coast,36214.0,80700528.0,,46.5,,36.632,-121.772,51.0,50.8
City of Soledad,2024-04-01,2323.0,CA2710011,2024-04-30,Monterey,Central Coast,17073.0,50023002.0,,68.6,,36.431,-121.322,51.0,50.8
City of Greenfield,2024-04-01,1093.0,CA2710008,2024-04-30,Monterey,Central Coast,18967.0,48587000.0,,54.1,,36.322,-121.253,51.0,50.8
California Water Service Company Salinas District,2024-04-01,417.0,"CA2701929,CA2710010,CA2710012,CA2710013,CA2710019",2024-04-30,Monterey,Central Coast,124241.0,379486335.0,,45.5,,36.666,-121.651,51.0,50.8
California American Water Company - Monterey District,2024-04-01,369.0,"CA2701202,CA2701257,CA2702004,CA2710004,CA2710006,CA2710021,CA2710022",2024-04-30,Monterey,Central Coast,96866.0,333637177.0,,45.7,,36.564,-121.905,51.0,50.8
City of Buena Park,2024-04-01,283.0,CA3010003,2024-04-30,Orange,South Coast,81998.0,278647000.0,,63.8,,33.857,-118.005,59.2,60.9
Alco Water Service,2024-04-01,25.0,CA2710001,2024-04-30,Monterey,Central Coast,30103.0,89342000.0,,82.6,,36.713,-121.615,51.0,50.8
City of Seal Beach,2024-04-01,2241.0,CA3010041,2024-04-30,Orange,South Coast,24937.0,74698083.0,,156.2,,33.754,-118.072,59.2,60.9
City of Westminster,2024-04-01,2704.0,CA3010064,2024-04-30,Orange,South Coast,95256.0,239663410.0,,65.4,,33.752,-117.994,59.2,60.9
City of Banning,2024-04-01,129.0,CA3310006,2024-04-30,Riverside,Colorado River,31179.0,155451456.0,,77.8,,33.946,-116.899,133.7,85.7
Beaumont - Cherry Valley Water District,2024-04-01,159.0,CA3310002,2024-04-30,Riverside,South Coast,49241.0,224068182.0,,100.8,,33.966,-116.971,59.2,85.7
Tahoe City Public Utilities District,2024-04-01,2444.0,"CA0910012,CA3100029,CA3110010,CA3110011,CA3110013,CA3110043,CA3110044",2024-04-30,Placer,North Lahontan,7609.0,12955940.0,,34.0,,39.12,-120.154,41.3,77.8
Placer County Water Agency,2024-04-01,1927.0,"CA3110005,CA3110006,CA3110024,CA3110025,CA3110040,CA3110050,CA3110124",2024-04-30,Placer,Sacramento River,119405.0,599704748.0,,71.1,,38.811,-121.206,70.4,77.8
North Tahoe Public Utilities District,2024-04-01,1752.0,"CA3110001,CA3110023,CA3110036",2024-04-30,Placer,North Lahontan,7352.0,23285146.0,,50.8,,39.237,-120.052,41.3,77.8
City of Roseville,2024-04-01,2111.0,CA3110008,2024-04-30,Placer,Sacramento River,149859.0,480560122.0,,74.2,,38.762,-121.292,70.4,77.8
City of Lincoln,2024-04-01,1424.0,CA3110004,2024-04-30,Placer,Sacramento River,51252.0,225440000.0,,114.4,,38.876,-121.293,70.4,77.8
Yorba Linda Water District,2024-04-01,2782.0,CA3010037,2024-04-30,Orange,South Coast,84054.0,453177278.0,,86.3,,33.89,-117.777,59.2,60.9
City of Tustin,2024-04-01,2528.0,CA3010046,2024-04-30,Orange,South Coast,66600.0,216071978.0,,77.2,,33.747,-117.815,59.2,60.9
Trabuco Canyon Water District,2024-04-01,2490.0,CA3010094,2024-04-30,Orange,South Coast,13659.0,32031153.0,,67.1,,33.669,-117.591,59.2,60.9
Santa Margarita Water District,2024-04-01,2217.0,CA3010101,2024-04-30,Orange,South Coast,164604.0,426636714.0,,63.6,,33.558,-117.584,59.2,60.9
Moulton Niguel Water District,2024-04-01,1663.0,CA3010073,2024-04-30,Orange,South Coast,170236.0,448148855.0,,58.7,,33.557,-117.704,59.2,60.9
Mesa Water District,2024-04-01,1596.0,CA3010004,2024-04-30,Orange,South Coast,110000.0,358497530.0,,61.9,,33.666,-117.913,59.2,60.9
Laguna Beach County Water District,2024-04-01,1335.0,CA3010017,2024-04-30,Orange,South Coast,18401.0,73577156.0,,86.6,,33.555,-117.769,59.2,60.9
Irvine Ranch Water District,2024-04-01,1245.0,CA3010092,2024-04-30,Orange,South Coast,468941.0,1270949240.0,,54.0,,33.704,-117.737,59.2,60.9
Golden State Water Company - West Orange,2024-04-01,1062.0,CA3010022,2024-04-30,Orange,South Coast,113106.0,300945810.0,,56.5,,33.806,-118.038,59.2,60.9
Golden State Water Company - Placentia,2024-04-01,1053.0,CA3010035,2024-04-30,Orange,South Coast,49808.0,133454722.0,,54.4,,33.88,-117.86,59.2,60.9
El Toro Water District,2024-04-01,830.0,CA3010079,2024-04-30,Orange,South Coast,47911.0,134843661.0,,59.7,,33.615,-117.711,59.2,60.9
South Coast Water District,2024-04-01,2334.0,CA3010042,2024-04-30,Orange,South Coast,34724.0,120854889.0,,81.6,,33.493,-117.726,59.2,60.9
Mammoth Community Water District,2024-04-01,1533.0,CA2610001,2024-04-30,Mono,South Lahontan,8234.0,35369080.0,,60.0,,37.643,-118.976,71.4,60.0
City of Merced,2024-04-01,1589.0,CA2410009,2024-04-30,Merced,San Joaquin River,92058.0,384278179.0,,71.5,,37.307,-120.477,70.9,69.3
City of Los Banos,2024-04-01,1487.0,CA2410005,2024-04-30,Merced,San Joaquin River,46639.0,187990000.0,,69.5,,37.067074,-120.836519,70.9,69.3
Las Virgenes Municipal Water District,2024-04-01,1384.0,CA1910225,2024-04-30,Los Angeles,South Coast,72602.0,303953813.0,,89.0,,34.111,-118.751,59.2,56.5
Golden State Water Company - Southwest,2024-04-01,1060.0,CA1910155,2024-04-30,Los Angeles,South Coast,275369.0,596836281.0,,48.3,,33.906,-118.315,59.2,56.5
Golden State Water Company - South San Gabriel,2024-04-01,1059.0,CA1910223,2024-04-30,Los Angeles,South Coast,25907.0,53780451.0,,47.3,,34.062,-118.099,59.2,56.5
Golden State Water Company - South Arcadia,2024-04-01,1058.0,CA1910212,2024-04-30,Los Angeles,South Coast,26688.0,60602683.0,,56.4,,34.104,-118.03,59.2,56.5
Golden State Water Company - San Dimas,2024-04-01,1054.0,CA1910142,2024-04-30,Los Angeles,South Coast,56426.0,180181461.0,,62.9,,34.098,-117.824,59.2,56.5
Golden State Water Company - Norwalk,2024-04-01,1049.0,CA1910098,2024-04-30,Los Angeles,South Coast,42997.0,97652951.0,,48.2,,33.922,-118.068,59.2,56.5
Golden State Water Company - Florence Graham,2024-04-01,1041.0,CA1910077,2024-04-30,Los Angeles,South Coast,62970.0,117434963.0,,41.8,,33.969,-118.244,59.2,56.5
Golden State Water Company - Culver City,2024-04-01,1038.0,CA1910030,2024-04-30,Los Angeles,South Coast,38029.0,110555353.0,,46.2,,34.006,-118.394,59.2,56.5
Liberty Utilities (Park Water) Corp,2024-04-01,1869.0,"CA1910021,CA1910161,CA1910211",2024-04-30,Los Angeles,South Coast,120937.0,213295548.0,,37.9,,33.913,-118.139,59.2,56.5
Golden State Water Company - Claremont,2024-04-01,1034.0,CA1910024,2024-04-30,Los Angeles,South Coast,39279.0,157921668.0,Flagged,70.0,,34.114,-117.717,59.2,56.5
Golden State Water Company - Artesia,2024-04-01,1029.0,CA1910004,2024-04-30,Los Angeles,South Coast,50230.0,111970668.0,,50.7,,33.847,-118.078,59.2,56.5
Crescenta Valley Community Water District,2024-04-01,651.0,CA1910028,2024-04-30,Los Angeles,South Coast,32665.0,81052679.0,,58.6,,34.227,-118.239,59.2,56.5
City of Whittier,2024-04-01,2723.0,CA1910173,2024-04-30,Los Angeles,South Coast,49954.0,145828406.0,,51.8,,33.982,-118.038,59.2,56.5
City of South Pasadena,2024-04-01,2345.0,CA1910154,2024-04-30,Los Angeles,South Coast,25329.0,68349416.0,,75.9,,34.11,-118.157,59.2,56.5
City of South Gate,2024-04-01,2341.0,CA1910152,2024-04-30,Los Angeles,South Coast,76443.0,194425516.0,,47.2,,33.948,-118.198,59.2,56.5
City of Signal Hill,2024-04-01,2298.0,CA1910149,2024-04-30,Los Angeles,South Coast,11795.0,39037572.0,,72.2,,33.803,-118.168,59.2,56.5
City of Sierra Madre,2024-04-01,2290.0,CA1910148,2024-04-30,Los Angeles,South Coast,11000.0,47728384.0,Flagged,99.2,,34.169,-118.05,59.2,56.5
City of Santa Monica,2024-04-01,2220.0,CA1910146,2024-04-30,Los Angeles,South Coast,93076.0,284671585.0,,47.6,,34.023,-118.482,59.2,56.5
Golden State Water Company - Bell-Bell Gardens,2024-04-01,1032.0,CA1910011,2024-04-30,Los Angeles,South Coast,54309.0,103542366.0,,44.4,,33.969,-118.171,59.2,56.5
Lincoln Avenue Water Company,2024-04-01,1425.0,CA1910063,2024-04-30,Los Angeles,South Coast,16126.0,37743321.0,,65.8,,34.201,-118.152,59.2,56.5
Los Angeles City Department of Water And Power,2024-04-01,1473.0,CA1910067,2024-04-30,Los Angeles,South Coast,3868811.0,10779343332.0,,53.8,,34.115,-118.407,59.2,56.5
Los Angeles County Waterworks District 29 - Malibu & Marina Del Rey,2024-04-01,1481.0,CA1910204,2024-04-30,Los Angeles,South Coast,32719.0,158265831.0,,93.0,,33.977,-118.45,59.2,56.5
City of Livingston,2024-04-01,1444.0,CA2410004,2024-04-30,Merced,San Joaquin River,14894.0,183758575.0,,85.1,,37.388,-120.724,70.9,69.3
City of Atwater,2024-04-01,110.0,CA2410001,2024-04-30,Merced,San Joaquin River,29479.0,159477780.0,,53.8,,37.353,-120.6,70.9,69.3
North Marin Water District,2024-04-01,1748.0,CA2110003,2024-04-30,Marin,San Francisco Bay,61693.0,140535946.0,,59.3,,38.114,-122.659,43.6,59.3
City of Madera,2024-04-01,1510.0,CA2010002,2024-04-30,Madera,San Joaquin River,66172.0,193220000.0,,63.8,,36.965,-120.076,70.9,64.1
City of Chowchilla,2024-04-01,2979.0,CA2010001,2024-04-30,Madera,San Joaquin River,13576.0,51954800.0,,65.8,,37.118,-120.25,70.9,64.1
Walnut Valley Water District,2024-04-01,2661.0,CA1910234,2024-04-30,Los Angeles,South Coast,100449.0,331977355.0,,66.0,,34.008,-117.835,59.2,56.5
Valley Water Company,2024-04-01,2618.0,CA1910166,2024-04-30,Los Angeles,South Coast,10070.0,51940649.0,,147.7,,34.196,-118.195,59.2,56.5
Valley County Water District,2024-04-01,2605.0,CA1910009,2024-04-30,Los Angeles,South Coast,68714.0,141900282.0,,41.7,,34.099,-117.959,59.2,56.5
Sunny Slope Water Company,2024-04-01,2419.0,CA1910157,2024-04-30,Los Angeles,South Coast,25252.0,66852659.0,,54.5,,34.104,-118.08,59.2,56.5
Suburban Water Systems - Whittier/La Mirada,2024-04-01,2402.0,"CA1910059,CA1910174",2024-04-30,Los Angeles,South Coast,122838.0,387482458.0,,63.4,,33.904,-118.009,59.2,56.5
Suburban Water Systems - San Jose Hills,2024-04-01,2401.0,"CA1910046,CA1910200,CA1910205",2024-04-30,Los Angeles,South Coast,175529.0,385709829.0,,50.4,,34.047271,-117.93245,59.2,56.5
Santa Clarita Valley Water Agency,2024-04-01,4993.0,"CA1910017,CA1910096,CA1910240,CA1910247,CA1910250,CA1910255",2024-04-30,Los Angeles,South Coast,294638.0,1053409176.0,,61.5,,34.40717733333334,-118.53662533333332,59.2,56.5
San Gabriel County Water District,2024-04-01,2165.0,CA1910144,2024-04-30,Los Angeles,South Coast,45000.0,108374784.0,,50.3,,34.092,-118.094,59.2,56.5
Rubio Canyon Land And Water Association,2024-04-01,2119.0,CA1910140,2024-04-30,Los Angeles,South Coast,9600.0,47291407.0,,94.4,,34.189,-118.128,59.2,56.5
Quartz Hill Water District,2024-04-01,1983.0,CA1910130,2024-04-30,Los Angeles,South Lahontan,19100.0,88872602.0,,139.1,,34.651,-118.215,71.4,56.5
Pico Water District,2024-04-01,1900.0,CA1910125,2024-04-30,Los Angeles,South Coast,22051.0,57427980.0,,55.0,,33.994,-118.086,59.2,56.5
Palmdale Water District,2024-04-01,1849.0,CA1910102,2024-04-30,Los Angeles,South Lahontan,126994.0,352269002.0,,63.7,,34.555,-118.075,71.4,56.5
Montebello Land And Water Company,2024-04-01,1644.0,CA1910091,2024-04-30,Los Angeles,South Coast,26554.0,70569730.0,,54.7,,34.014,-118.109,59.2,56.5
Los Angeles County Waterworks District 40 - Antelope Valley,2024-04-01,1484.0,"CA1910005,CA1910025,CA1910027,CA1910070,CA1910203",2024-04-30,Los Angeles,South Lahontan,229687.0,887438906.0,,83.5,,34.614,-117.835,71.4,56.5
City of Pomona,2024-04-01,1945.0,CA1910126,2024-04-30,Los Angeles,South Coast,151713.0,377958811.0,,53.7,,34.058,-117.76,59.2,56.5
Olivehurst Public Utilities District,2024-04-01,1792.0,"CA5805001,CA5810003",2024-04-30,Yuba,Sacramento River,27059.0,86796000.0,,85.4,,39.065,-121.552,70.4,77.1
